database_identifier	chemical_formula	smiles	inchi	metabolite_identification	mass_to_charge	fragmentation	modifications	charge	retention_time	taxid	species	database	database_version	reliability	uri	search_engine	search_engine_score	smallmolecule_abundance_sub	smallmolecule_abundance_stdev_sub	smallmolecule_abundance_std_error_sub	L_01_1	L_02_1	L_03_1	L_04_1	L_05_1	L_06_1	L_08_1	L_09_1	L_10_1	L_11_1	L_12_1	L_13_1	L_16_1	L_17_1	L_18_1	L_19_1	L_20_1	L_21_1	L_22_1	L_23_1	L_24_1	L_25_1	L_26_1	L_27_1	L_28_1	L_29_1	L_30_1	L_31_1	L_32_1	L_33_1	L_34_1	L_35_1	L_36_1	L_37_1	L_38_1	L_39_1	L_40_1	L_42_1	L_44_1	L_45_1	L_46_1	L_47_1	L_48_1	L_50_1	L_51_1	L_52_1	L_53_1	L_54_1	L_57_1	L_60_1	alkane_1
unknown				PR-MST					1046	NCBITAXON:http://purl.bioontology.org/ontology/NCBITAXON/3702	Arabidopsis thaliana										107.7812	135.8212	208.6638	208.0743	153.9615	185.8548	204.3399	146.2551	116.0995	171.9433	196.9878	102.5272	188.6087	97.3841	128.7454	122.9574	146.7054	139.1075	228.9218	101.5019	183.7579	189.5508	120.633	193.0102	120.5318	143.7108	172.2799	148.3352	215.0178	123.3638	102.8484	111.8041	219.13	102.3648	144.4761	102.4806	164.5316	113.9732	185.1949	138.8542	162.2551	119.6804	114.6622	152.5205	81.5744	81.083	89.3075	53.7341	101.5308	112.219	
CHEBI:24996	C3H5O3-	CC(O)C([O-])=O	InChI=1S/C3H6O3/c1-2(4)3(5)6/h2,4H,1H3,(H,5,6)/p-1	Lactate					1047	NCBITAXON:http://purl.bioontology.org/ontology/NCBITAXON/3702	Arabidopsis thaliana										170.7972	137.26	270.3006	146.3086	274.1251	190.2389	152.0669	175.0688	106.8263	125.8143	146.6412	117.0478	113.3856	68.6859	130.0241	109.7453	70.7637	80.9303	109.8866	48.7523	85.0615	80.6174	90.211	66.9206	72.616	118.3347	112.4308	134.3597	102.9451	124.9834	112.6728	103.9769	121.036	103.7012	69.172	83.7668	71.6605	87.2552	102.0008	194.5628	127.5309	105.6525	201.0949	104.7732	100.7071	114.3308	202.6645	111.0338	116.6805	89.0865	
unknown				MST					1066	NCBITAXON:http://purl.bioontology.org/ontology/NCBITAXON/3702	Arabidopsis thaliana										17.7298	7.7613	18.1139	12.5255	18.3638	12.5119	24.1845	17.579	16.2858	22.1995	18.2115	14.277	12.1149	9.4264	18.2528	15.0065	13.9748	9.2024	17.6588	4.5474	3.7674	11.6739	9.0313	11.9125	2.8082	12.6788	11.6921	8.9442	4.2907	10.2029	6.4151	7.6125	2.7885	8.2223	11.2847	3.7008	12.793	12.3944	17.0012	11.1979	10.6379	17.9728	15.3605	14.2148	15.2637	9.8226	12.3099	22.1246	11.9693	15.8275	
CHEBI:16449	C3H7NO2	CCOC(=O)N	InChI=1S/C3H7NO2/c1-2-6-3(4)5/h2H2,1H3,(H2,4,5)	Alanine					1096	NCBITAXON:http://purl.bioontology.org/ontology/NCBITAXON/3702	Arabidopsis thaliana										202.2193	179.9193	203.688	381.9071	265.4042	370.8981	125.6707	285.2175	295.7713	273.579	372.9198	533.5438	29.4208	280.8639	185.4232	357.2635	246.7213	329.3943	241.1051	255.5307	183.0975	271.906	271.6885	233.7167	200.2492	292.5361	309.9787	286.4049	142.2388	285.3828	360.8557	402.5632	229.5785	404.6373	230.0478	202.3193	77.2157	229.873	165.1552	308.6518	238.4672	284.744	307.7483	240.7033	219.2227	253.4111	283.3435	262.0969	294.6046	212.6601	
unknown				PR-MST					1104	NCBITAXON:http://purl.bioontology.org/ontology/NCBITAXON/3702	Arabidopsis thaliana										84.5683	88.5931	52.8559	58.1682	62.019	66.6003	61.5587	79.6831	78.92	66.1957	58.0986	82.7001	50.9323	90.1893	72.2836	84.5474	73.7839	65.4808	52.237	94.2565	91.6378	64.4921	87.7484	64.8074	96.0429	68.9152	73.779	78.0568	63.5459	70.6014	75.2151	72.5627	73.3879	80.4408	69.2048	79.4954	63.0296	69.5998	47.4462	73.5341	52.0084	63.5211	61.2748	52.9015	70.1758	82.7287	78.2781	79.9161	59.0498	52.8908	
CHEBI:15429	H3NO	NO	InChI=1S/H3NO/c1-2/h2H,1H2	Hydroxylamine					1111	NCBITAXON:http://purl.bioontology.org/ontology/NCBITAXON/3702	Arabidopsis thaliana										43.4974	38.5677	33.2777	31.087	37.8242	38.8612	27.644	35.4173	32.1827	32.3878	34.0328	37.2972	19.5112	33.9488	43.9266	40.526	41.3934	36.8911	33.8367	39.5535	37.7331	28.7737	43.2512	47.7871	29.6084	25.6586	42.4907	41.7023	30.4022	31.4206	27.5176	35.9292	42.6143	37.6128	45.8006	34.4503	41.8233	45.3461	34.1271	39.7431	37.6483	30.064	37.9669	39.8946	35.0621	37.7909	36.9049	30.5585	37.3262	26.3211	
unknown				PR-MST					1124	NCBITAXON:http://purl.bioontology.org/ontology/NCBITAXON/3702	Arabidopsis thaliana										10.834	11.2327	15.1666	16.2499	14.1895	14.6259	14.9486	12.977	12.3815	13.754	14.7819	13.4675	15.2458	12.0201	14.456	11.1032	13.1567	13.5903	16.7032	11.5914	13.1171	14.7421	9.2793	13.1025	13.1871	14.636	12.591	11.8134	12.3	11.9114	13.1071	11.1654	12.5204	10.0904	14.8913	10.9149	10.1233	13.7858	12.2402	13.4545	12.4583	15.0889	16.1269	12.9427	11.4849	12.8049	13.4054	12.6029	15.1069	13.2384	
CHEBI:15901	C4H6N2O2	C1CNC(=O)NC1=O	InChI=1S/C4H6N2O2/c7-3-1-2-5-4(8)6-3/h1-2H2,(H2,5,6,7,8)	Dihydrouracil					1135	NCBITAXON:http://purl.bioontology.org/ontology/NCBITAXON/3702	Arabidopsis thaliana										24.6657	34.4495	42.5646	38.5069	35.9023	41.0167	35.2875	30.1879	34.2341	23.2215	32.6183	25.8907	35.8768	26.5563	30.091	28.1796	36.1225	31.7012	39.4103	32.6716	42.4648	32.0237	24.7801	39.733	35.0516	34.0066	32.5661	35.0609	45.762	34.3438	26.0823	26.9249	47.894	24.589	31.1788	25.1969	36.0723	25.0388	33.3166	34.2704	30.4355	22.9195	23.0164	28.3539	20.6444	19.8671	20.6037	19.1818	28.085	22.591	
unknown				PR-MST					1140	NCBITAXON:http://purl.bioontology.org/ontology/NCBITAXON/3702	Arabidopsis thaliana										77.1588	110.8122	98.6534	83.0853	120.0693	77.1897	67.4187	61.984	57.2021	90.8254	85.7863	74.8647	85.0315	115.5327	61.7429	70.9046	61.6834	71.2497	90.1473	102.3657	96.1367	74.7464	95.9906	99.9969	70.0563	91.1249	55.3951	67.374	150.0426	66.0361	95.1305	105.6472	166.0141	76.0109	103.9742	82.293	82.6116	76.5756	62.431	60.9819	76.6439	68.3481	60.9674	78.7187	83.8302	76.4194	61.7143	64.6515	95.4414	56.5566	
unknown				PR-MST					1170	NCBITAXON:http://purl.bioontology.org/ontology/NCBITAXON/3702	Arabidopsis thaliana										85.8996	124.318	237.0911	250.7971	174.018	206.0093	236.1749	143.2344	104.5053	198.4497	226.5002	74.1658	199.9038	81.6099	111.076	115.6148	143.6534	135.3617	275.7161	73.7066	176.6034	214.4147	106.1123	222.201	88.1636	151.4834	179.0642	141.546	245.901	120.3462	78.9538	91.9346	261.836	90.1733	143.8665	72.1491	174.2388	104.2772	222.3873	128.5925	185.5181	114.1343	92.3507	172.6751	67.8974	56.9264	63.5453	30.9617	101.6528	107.8051	
unknown				PR-MST					1195	NCBITAXON:http://purl.bioontology.org/ontology/NCBITAXON/3702	Arabidopsis thaliana										8.5854	23.4002	18.1472	10.9282	16.3003	11.4907	9.4359	5.342	2.8076	15.5436	12.5881	7.1424	21.1942	17.3138	3.961	8.0287	3.5928	10.0096	18.128	22.692	26.327	11.5436	17.502	16.629	11.0519	20.3006	4.2211	8.1026	56.1437	4.979	14.9977	16.6976	49.0098	10.3919	15.4028	12.4789	16.9339	6.6872	8.0401	4.5782	17.0811	6.7368	5.1058	11.6707	9.669	11.2574	8.841	4.3597	15.4152	5.0418	
CHEBI:27266	C5H11NO2	CC(C)C(N)C(O)=O	InChI=1S/C5H11NO2/c1-3(2)4(6)5(7)8/h3-4H,6H2,1-2H3,(H,7,8)	Valine					1209	NCBITAXON:http://purl.bioontology.org/ontology/NCBITAXON/3702	Arabidopsis thaliana										64.1615	44.8402	69.5186	84.8112	76.2912	81.9802	62.4818	69.9602	70.9133	75.26	84.7592	75.9052	38.2681	64.546	73.6844	86.1634	74.5144	81.7574	78.2001	57.9094	47.5066	74.6354	72.3241	73.066	54.6768	76.9866	78.3342	80.4932	46.7726	84.0575	71.3537	71.0395	44.874	86.5774	72.6605	62.2952	54.6329	74.9163	60.1357	72.2158	62.7753	68.4699	74.6123	74.3807	68.5449	69.7077	70.4752	65.0488	77.8616	66.2931	
unknown				PR-MST					1229	NCBITAXON:http://purl.bioontology.org/ontology/NCBITAXON/3702	Arabidopsis thaliana										244.4518	119.7767	256.0966	234.4136	201.4219	222.2944	278.3049	251.6135	212.3978	256.2688	213.4624	279.7585	148.2537	197.5459	271.6817	222.6576	187.7586	200.4286	221.0412	114.2674	77.95	167.7848	144.3289	144.653	141.3604	178.9987	142.3991	157.5955	52.7877	157.803	138.8544	118.9945	59.6058	137.8217	170.1406	110.64	82.7798	214.5533	148.8717	204.2253	192.1895	224.7708	238.2487	175.4763	200.1699	243.004	219.7166	182.9935	249.4714	169.9205	
CHEBI:16199	CH4N2O	C(=O)(N)N	InChI=1S/CH4N2O/c2-1(3)4/h(H4,2,3,4)	Urea					1252	NCBITAXON:http://purl.bioontology.org/ontology/NCBITAXON/3702	Arabidopsis thaliana										4.2027	5.9268	39.2559	33.2102	31.1105	29.8999	38.5686	34.6848	31.3742	37.9732	30.9766	3.931	5.9314	38.508	35.4343	2.9246	23.4836	32.6124	1.7979	24.1523	19.0744	0.63027	23.5954	26.3736	5.5403	1.6913	27.4653	26.7117	15.6978	27.7759	33.8033	28.4737	4.1054	26.3298	29.8942	23.9303	2.3627	27.7544	26.162	26.34	0.65931	33.7913	30.6926	0.035628	32.5055	24.2352	0.33044	25.9495	31.6935	23.7119	
CHEBI:16000	C2H7NO	C(CO)N	InChI=1S/C2H7NO/c3-1-2-4/h4H,1-3H2	Ethanolamine					1263	NCBITAXON:http://purl.bioontology.org/ontology/NCBITAXON/3702	Arabidopsis thaliana										29.6861	21.8847	51.0036	29.222	31.6487	34.2262	35.8294	27.9567	32.8655	38.3273	32.4979	29.5692	24.0207	38.4919	39.7831	48.1191	24.4651	48.7473	43.488	28.4586	21.5178	33.4758	51.6656	43.6185	27.548	36.1338	35.4334	48.3671	20.1626	43.4798	38.2963	33.4624	20.8657	40.122	34.8706	34.7209	33.748	48.0829	29.158	43.2625	42.6169	42.6289	42.1611	35.5887	37.8721	37.3866	40.1095	34.1124	44.8572	27.3247	
CHEBI:18367	O4P-3	[O-]P(=O)([O-])[O-]	InChI=1S/H3O4P/c1-5(2,3)4/h(H3,1,2,3,4)/p-3	Phosphate					1264	NCBITAXON:http://purl.bioontology.org/ontology/NCBITAXON/3702	Arabidopsis thaliana										1724.8435	1145.0396	2643.6485	2272.9726	2075.8033	2940.3108	2661.3759	2459.0045	3258.5041	2433.9748	1821.9979	2369.6632	1476.5448	2682.4153	2531.1117	2047.165	2453.1156	2916.0543	4022.6296	3571.8913	2895.9803	3889.5305	3309.9076	3938.919	2561.9258	4351.2911	3035.8566	3116.9916	3324.0601	2815.8271	3237.719	2934.4297	2019.7498	3307.3326	2744.8713	2720.6812	3483.477	2682.1793	2410.2272	3058.3122	3558.0284	2381.1589	2937.3517	3688.2182	2592.8997	3227.5553	3783.4185	2726.0261	2568.4563	2784.7923	
CHEBI:24898	C6H13NO2			Isoleucine					1287	NCBITAXON:http://purl.bioontology.org/ontology/NCBITAXON/3702	Arabidopsis thaliana										33.8425	26.689	37.2983	48.6855	43.7825	51.8798	36.7444	40.1602	42.8621	42.7569	44.1806	41.1675	25.4643	37.4583	45.9521	50.9388	45.4874	51.7507	47.8331	38.8068	29.8115	47.7175	43.3765	45.8277	35.2222	49.9986	50.9012	54.8206	30.6113	54.3902	47.4207	40.5909	26.557	54.2787	46.3148	38.939	34.0322	55.8567	37.4242	42.9323	40.6937	42.4327	49.9404	48.7787	51.2514	51.0816	48.1257	38.2377	50.0926	45.3622	
CHEBI:26271	C5H9NO2	C1CC(NC1)C(=O)O	InChI=1S/C5H9NO2/c7-5(8)4-2-1-3-6-4/h4,6H,1-3H2,(H,7,8)	Proline					1295	NCBITAXON:http://purl.bioontology.org/ontology/NCBITAXON/3702	Arabidopsis thaliana										893.4145	436.0225	696.0567	673.9267	531.6515	781.1016	901.8687	864.6613	1038.9861	662.2443	515.7802	761.1264	341.8611	875.2097	869.8392	951.4374	911.3722	839.8812	606.0771	626.4362	441.768	765.4648	868.8163	628.2041	606.099	649.8193	913.7361	827.4954	232.5581	903.5163	714.9455	700.3989	185.1219	941.8446	649.4077	759.2312	542.7471	911.2431	596.4804	945.3355	594.9526	813.6693	949.1365	791.8501	786.6541	833.9934	856.9832	725.5332	736.4766	728.0533	
CHEBI:15595	C4H4O5-2	C(C(C(=O)[O-])O)C(=O)[O-]	InChI=1S/C4H6O5/c5-2(4(8)9)1-3(6)7/h2,5H,1H2,(H,6,7)(H,8,9)/p-2	Malate					1296	NCBITAXON:http://purl.bioontology.org/ontology/NCBITAXON/3702	Arabidopsis thaliana										69.5046	48.6835	82.7915	77.7743	70.5809	71.172	91.7812	76.6201	81.4263	79.8051	72.1063	67.02	44.5404	65.9113	81.0468	74.8492	79.6074	74.8779	68.4656	52.6702	45.0866	61.4308	63.9401	67.7101	51.9359	67.5221	73.857	67.2479	43.8911	73.4503	64.0428	54.6192	44.3492	67.6438	72.3728	56.3083	54.0093	85.8125	64.6966	84.9844	65.8183	81.2782	87.5854	78.253	68.7581	68.7036	69.5261	72.6585	85.6695	72.7014	
CHEBI:15428	C2H5NO2	C(C(=O)O)N	InChI=1S/C2H5NO2/c3-1-2(4)5/h1,3H2,(H,4,5)	Glycine					1301	NCBITAXON:http://purl.bioontology.org/ontology/NCBITAXON/3702	Arabidopsis thaliana										453.172	170.2358	240.4699	203.7238	306.3613	271.3295	297.1104	435.1112	300.5008	319.9	473.0224	437.9184	145.4695	258.2997	338.0041	367.8411	360.6831	235.5777	345.9012	204.8591	186.2784	337.0956	222.2347	291.3425	250.1399	363.0233	311.0126	338.847	151.8124	240.7899	276.4481	215.9734	132.653	316.6217	189.4694	278.0667	303.4982	384.573	304.2171	357.9203	370.172	257.3786	246.8278	451.199	247.7575	410.521	345.996	318.7761	323.5857	190.6897	
CHEBI:30031	C4H4O4-2	C(CC(=O)[O-])C(=O)[O-]	InChI=1S/C4H6O4/c5-3(6)1-2-4(7)8/h1-2H2,(H,5,6)(H,7,8)/p-2	Succinate					1306	NCBITAXON:http://purl.bioontology.org/ontology/NCBITAXON/3702	Arabidopsis thaliana										895.2756	495.7912	815.6861	846.0289	818.2832	889.5634	875.7614	914.0442	794.304	835.8024	808.0808	952.4902	532.923	738.9807	888.5875	865.5382	876.2165	876.3705	884.4977	634.3629	478.0685	915.1105	885.5985	833.0409	610.9275	911.9994	895.5304	945.1328	495.1221	913.5847	874.0696	905.3043	413.7931	922.105	848.3584	754.8263	842.5357	880.6588	750.4928	947.0863	855.6491	854.3206	909.1018	865.5025	835.7747	962.1867	940.8646	1004.7985	880.87945	808.3103	
CHEBI:33871	C3H5O4-	OCC(O)C([O-])=O	InChI=1S/C3H6O4/c4-1-2(5)3(6)7/h2,4-5H,1H2,(H,6,7)/p-1	Glycerate					1319	NCBITAXON:http://purl.bioontology.org/ontology/NCBITAXON/3702	Arabidopsis thaliana										102.8922	60.7218	151.1403	137.4858	110.9151	148.2529	159.923	130.1712	134.1411	145.0025	120.1321	135.3539	69.9574	110.9238	148.0364	108.8896	104.6548	122.5699	163.109	81.4998	60.8628	138.2215	97.9068	106.5631	76.1948	133.9801	96.5831	105.1047	45.8352	99.8203	93.9913	68.8677	37.7923	99.3343	104.1023	70.62	63.7983	155.5521	102.7003	157.2974	143.0878	143.287	170.6915	139.4763	114.5903	143.3358	169.7515	126.7932	145.918	124.2702	
unknown				MST					1330	NCBITAXON:http://purl.bioontology.org/ontology/NCBITAXON/3702	Arabidopsis thaliana										32.7022	49.5678	49.0562	42.7999	54.6872	39.3006	36.0918	30.8504	27.7234	48.1258	43.6185	39.0097	50.0189	51.1023	31.1398	33.8113	31.3032	38.9212	51.4917	54.3137	54.1056	44.7232	50.5644	52.7277	42.404	59.4834	31.1353	38.8046	75.9814	34.8027	55.5725	56.1762	85.5306	43.3739	58.7195	47.4381	49.3479	42.4539	36.0307	35.0422	56.1509	43.2	38.7851	51.6342	48.2214	47.7271	42.5353	32.7021	56.0718	36.187	
CHEBI:17568	C4H4N2O2	C1=CNC(=O)NC1=O	InChI=1S/C4H4N2O2/c7-3-1-2-5-4(8)6-3/h1-2H,(H2,5,6,7,8)	Uracil					1332	NCBITAXON:http://purl.bioontology.org/ontology/NCBITAXON/3702	Arabidopsis thaliana										2.7612	2.4793	5.1482	4.246	4.0867	4.0731	3.7829	4.0661	4.2657	3.5808	3.8923	3.4369	3.9444	3.0815	4.2842	3.9294	4.956	4.4605	4.7953	3.3866	3.1532	3.9519	4.4104	5.4922	3.2548	4.7494	4.9812	3.9155	3.1321	6.4865	4.1993	3.4894	4.3	4.3098	4.5648	3.4779	4.3067	2.757	1.9318	2.632	2.2758	2.0285	1.6195	2.331	1.6296	1.1811	1.0843	0.54504	1.9763	1.9746	
CHEBI:29806	C4H2O4-2	C(=CC(=O)[O-])C(=O)[O-]	InChI=1S/C4H4O4/c5-3(6)1-2-4(7)8/h1-2H,(H,5,6)(H,7,8)/p-2/b2-1+	Fumarate					1343	NCBITAXON:http://purl.bioontology.org/ontology/NCBITAXON/3702	Arabidopsis thaliana										799.8154	436.3873	947.6258	871.9749	665.4629	712.6569	964.3881	902.0162	698.7977	828.0828	854.818	894.2103	428.0523	568.0561	753.6623	700.2789	842.7194	757.4556	705.3839	419.8106	283.2148	659.1969	540.9376	510.4031	419.4991	656.404	676.0661	769.9879	221.6682	681.5149	552.7459	447.3437	323.2054	705.6572	807.674	452.4717	459.1751	1023.2835	699.0428	1074.0304	874.3017	976.9466	1227.0021	852.2424	876.9785	1135.5366	1010.5358	1282.0376	1086.0441	953.683	
CHEBI:17822	C3H7NO3	NC(CO)C(O)=O	InChI=1S/C3H7NO3/c4-2(1-5)3(6)7/h2,5H,1,4H2,(H,6,7)	Serine					1351	NCBITAXON:http://purl.bioontology.org/ontology/NCBITAXON/3702	Arabidopsis thaliana										2308.1831	1598.3432	2090.554	2156.6731	1997.7788	2211.7607	1958.6531	2429.4555	2329.8279	1944.6042	1820.0607	2359.4607	1514.9836	2340.6503	2366.7173	2081.0393	2242.5664	2222.1568	2137.8726	1980.7759	1489.024	2142.4522	2172.7326	2109.3655	1908.9034	2337.5865	2251.6331	2160.2376	1484.2045	2398.5295	2256.1928	2207.6431	1099.48756	2402.667	2056.1764	2183.5671	1907.8652	2260.2311	1623.9729	2241.7645	1897.9208	2077.578	2107.8847	2010.7483	2219.2289	2596.8281	2133.54	2284.6363	2057.692	1977.2149	
CHEBI:16449	C3H7NO2	CCOC(=O)N	InChI=1S/C3H7NO2/c1-2-6-3(4)5/h2H2,1H3,(H2,4,5)	Alanine					1357	NCBITAXON:http://purl.bioontology.org/ontology/NCBITAXON/3702	Arabidopsis thaliana										95.1397	36.3215	116.7456	149.9585	113.641	116.0285	94.5112	80.7915	75.5185	121.0005	225.0283	97.6256	54.7916	61.0999	81.384	78.2567	91.814	86.8801	139.4362	42.125	41.1215	112.5444	74.4809	120.1994	31.8041	96.0375	130.5799	77.0233	47.0255	78.4496	73.8497	82.2191	68.4787	95.6141	93.1356	43.5106	78.9491	77.5373	101.8886	76.4085	91.5487	72.2109	68.9854	101.4124	51.9146	44.2674	49.9096	44.3756	74.8106	73.1683	
unknown				PR-MST					1364	NCBITAXON:http://purl.bioontology.org/ontology/NCBITAXON/3702	Arabidopsis thaliana										34.8607	19.368	34.6987	44.1381	40.7528	36.8542	37.6397	36.0846	30.9243	44.7644	36.475	36.101	26.3801	32.9337	47.7178	34.2519	39.5283	38.8477	42.9427	26.9808	17.8156	40.496	25.432	31.9258	27.1711	41.0624	33.0477	35.7501	19.4618	39.157	39.3563	29.5034	16.0953	33.1631	51.2043	33.1938	28.3098	46.8895	43.0093	37.708	46.6405	44.1823	49.4633	47.8705	44.031	42.3454	45.235	20.0943	50.0915	42.9875	
CHEBI:36110	C6H10NO2-	[O-]C(=O)C1CCCCN1	InChI=1S/C6H11NO2/c8-6(9)5-3-1-2-4-7-5/h5,7H,1-4H2,(H,8,9)/p-1	Pipecolate					1364	NCBITAXON:http://purl.bioontology.org/ontology/NCBITAXON/3702	Arabidopsis thaliana										2.2895	1.0947	3.6785	1.5927	0.44305	3.4915	3.7876	2.4915	3.3548	2.0391	1.5759	1.8496	1.1583	3.5281	2.9084	6.1932	1.8274	3.1539	4.2375	1.208	0.871	1.1309	4.3233	1.7215	1.5653	1.8559	2.0736	2.4397	0.87781	2.9437	0.78047	1.1136	0.62465	1.3708	0.93649	1.6361	0.75189	0.71298	0.2209	1.1504	1.7628	1.1713	1.0308	1.2523	0.040048	0.65251	2.7296	1.1936	0.95368	0.3989	
unknown				MST					1366	NCBITAXON:http://purl.bioontology.org/ontology/NCBITAXON/3702	Arabidopsis thaliana										9.2514	4.9491	6.8874	13.4769	8.0793	10.8683	7.3536	7.4005	7.4372	8.0966	19.5048	14.8471	6.6808	9.8716	9.7508	9.8297	7.7523	6.5363	6.682	5.8142	5.201	7.5409	5.8579	6.6091	5.9041	6.7529	8.9067	6.4006	4.2802	6.5781	7.9471	8.7434	6.1846	10.9643	6.7738	7.423	6.1926	7.9687	6.4541	7.3139	6.0319	7.0796	6.7503	6.5883	6.7127	9.9961	6.2066	6.0327	7.7339	5.8851	
CHEBI:71176	C4H6O4	O[C@H]1COC(=O)[C@@H]1O	InChI=1S/C4H6O4/c5-2-1-8-4(7)3(2)6/h2-3,5-6H,1H2/t2-,3+/m0/s1	Threonic acid-1,4-lactone					1370	NCBITAXON:http://purl.bioontology.org/ontology/NCBITAXON/3702	Arabidopsis thaliana										60.8768	38.684	65.4261	61.5393	60.6245	70.2021	65.0407	61.6886	60.1169	73.5707	61.2091	64.3666	41.3036	50.2785	73.0864	74.2271	57.4674	55.6799	57.9019	37.8537	27.8077	47.4482	52.452	51.9476	39.4203	53.0549	47.4644	54.3131	30.3061	54.5233	41.7718	43.1373	26.5816	48.3012	46.8966	37.6517	37.6526	54.7763	42.8583	58.4551	50.197	55.6713	59.5955	54.1941	54.9282	57.7831	52.5647	60.0644	60.6246	45.9011	
CHEBI:26986	C4H9NO3			Threonine					1376	NCBITAXON:http://purl.bioontology.org/ontology/NCBITAXON/3702	Arabidopsis thaliana										401.976	223.6998	431.7154	412.7882	415.2287	409.1526	461.6123	439.1484	388.3426	420.155	390.6374	385.6185	237.2195	398.4268	443.4518	438.1147	400.543	444.6037	434.7979	276.7448	194.4156	399.0039	390.3956	423.2653	267.4375	397.5761	417.9369	393.202	186.4904	436.1676	334.9425	350.7743	173.8866	462.0042	412.7651	322.2012	324.6489	363.2767	253.9756	310.053	285.5233	309.0878	320.9653	376.1899	289.8831	302.8908	317.4864	241.5381	375.3753	288.1952	
unknown				PR-MST					1390	NCBITAXON:http://purl.bioontology.org/ontology/NCBITAXON/3702	Arabidopsis thaliana										75.8936	30.3758	59.1773	63.692	56.2883	64.6041	64.4753	65.1057	54.1138	65.6869	62.3461	82.7122	38.4326	51.5174	90.3184	73.8538	62.3388	64.4061	68.5816	40.931	27.8675	60.9388	54.0301	56.8091	46.2105	56.3943	60.3182	68.6109	25.6919	60.5051	55.4219	47.8107	22.6113	59.6977	62.7112	50.5382	58.2356	98.1988	70.6403	84.0265	84.8512	78.7699	98.0609	85.3353	69.8242	89.5637	103.1333	109.6746	87.1154	66.4183	
unknown				PR-MST					1403	NCBITAXON:http://purl.bioontology.org/ontology/NCBITAXON/3702	Arabidopsis thaliana										9.7451	6.6967	8.9523	11.1587	8.3065	10.7417	10.2238	10.7285	8.7124	9.8141	8.0086	10.9457	4.7816	9.0459	11.6204	13.4619	9.8898	9.7715	9.3169	7.8613	6.4476	8.9703	9.6539	8.8939	8.3509	7.8556	8.7377	10.0572	4.6556	8.7609	8.4169	8.9718	4.1453	9.7306	8.1109	9.1004	7.8461	23.291	17.5839	18.0861	20.2975	19.106	21.0955	20.0834	15.9855	19.3741	22.5478	21.0508	19.0365	15.1891	
unknown				PR-MST					1419	NCBITAXON:http://purl.bioontology.org/ontology/NCBITAXON/3702	Arabidopsis thaliana										13.8711	7.4568	13.8663	13.4663	13.9831	11.395	16.7278	14.273	12.294	13.0092	20.0388	13.2386	6.7569	7.4112	12.9517	15.458	11.351	10.982	16.4663	4.0503	3.2557	9.7592	8.4278	13.3616	4.0717	9.0815	10.9679	9.1153	4.3377	9.9632	6.8889	7.9522	4.0499	9.1315	8.5782	6.2128	13.8583	8.7488	8.7643	6.724	7.4902	7.2437	7.2565	10.0246	5.9175	5.5146	5.8455	23.4312	7.8322	5.8302	
CHEBI:16958	C3H7NO2	C(CN)C(=O)O	InChI=1S/C3H7NO2/c4-2-1-3(5)6/h1-2,4H2,(H,5,6)	beta-Alanine					1422	NCBITAXON:http://purl.bioontology.org/ontology/NCBITAXON/3702	Arabidopsis thaliana										42.671	23.7008	49.1443	45.8338	44.1981	47.5145	45.7202	48.3646	42.8206	49.5409	47.8332	44.5523	24.2617	38.4215	44.461	56.4007	43.8264	48.0103	48.587	30.4736	21.0221	42.3084	44.0445	41.9307	28.7763	44.8913	44.9181	44.4607	23.9034	50.4769	38.0127	42.6058	22.3917	48.1195	45.0318	38.1492	35.991	56.4657	41.9505	53.1342	48.6124	48.8281	55.6259	57.2151	50.1841	58.0615	53.7784	50.5163	56.9783	46.0354	
CHEBI:33947	C4H8O4			Threose					1433	NCBITAXON:http://purl.bioontology.org/ontology/NCBITAXON/3702	Arabidopsis thaliana										35.3551	16.2471	34.6812	32.0273	31.9477	39.0205	36.1066	35.6153	30.576	39.7362	11.0002	43.7308	21.8069	27.3811	32.3826	46.3268	31.568	35.3447	32.9257	15.1693	11.869	31.6167	30.0075	25.037	16.4298	36.8714	25.4508	36.5479	14.4745	32.8305	25.2682	27.8731	14.5166	31.3002	32.0944	23.9231	16.9864	9.2168	12.7569	26.5043	25.7975	30.1538	31.468	17.3897	32.9773	26.9552	25.0608	27.5073	30.7828	19.4639	
CHEBI:30653	C4H9NO3	C(CO)C(C(=O)O)N	InChI=1S/C4H9NO3/c5-3(1-2-6)4(7)8/h3,6H,1-2,5H2,(H,7,8)	Homoserine					1439	NCBITAXON:http://purl.bioontology.org/ontology/NCBITAXON/3702	Arabidopsis thaliana										7.6096	5.1288	8.7802	7.2246	8.5052	7.3425	7.6878	9.6906	10.0963	7.872	7.6139	8.4953	5.3009	7.3268	9.9412	8.4797	8.6313	7.8292	8.0334	5.0756	4.8434	7.5605	8.7241	8.4441	5.7977	7.4808	7.7463	7.3732	4.8339	8.0041	7.6272	6.7112	5.0024	7.6491	7.4163	6.8131	7.0441	12.7084	9.2307	12.3798	10.1486	11.9091	10.314	10.5841	9.3932	9.9352	11.699	10.6724	10.9359	9.0693	
unknown				PR-MST					1441	NCBITAXON:http://purl.bioontology.org/ontology/NCBITAXON/3702	Arabidopsis thaliana										8.3194	7.7292	11.6655	8.2994	8.6181	9.8964	7.7098	9.397	8.8719	10.5398	8.6589	8.9331	6.4939	10.0792	10.1738	11.1772	8.4317	10.7015	10.1302	7.8428	7.5585	8.5654	10.2117	9.9178	8.6329	8.9781	8.2367	10.2545	7.8666	8.4932	8.2228	8.0412	7.977	9.6413	8.3578	8.7063	8.4418	10.9769	8.1996	10.9024	11.8122	10.2064	10.86	10.0198	9.013	9.3025	10.0958	9.0049	11.1665	6.5911	
unknown				MST					1452	NCBITAXON:http://purl.bioontology.org/ontology/NCBITAXON/3702	Arabidopsis thaliana										124.6355	123.619	135.6332	194.5241	225.0378	264.8394	143.6686	226.0836	266.636	149.2517	352.6954	293.5081	123.6639	245.2557	363.6236	228.0549	260.406	216.5723	273.2303	211.8555	170.0084	251.1172	265.8654	309.1084	152.9267	280.8679	358.7215	274.1901	148.1226	366.029	303.1704	246.2198	119.5637	384.6905	267.0009	263.0395	367.38	620.6335	389.1762	531.1062	404.8135	349.8989	368.7903	478.0192	360.3139	492.0988	443.4707	437.9263	400.2864	479.0753	
unknown				PR-MST					1453	NCBITAXON:http://purl.bioontology.org/ontology/NCBITAXON/3702	Arabidopsis thaliana										1.7699	0.33996	3.1898	6.028	2.7536	0.69568	3.1708	1.6673	0.95641	2.5471	6.3328	0.86726	3.0786	1.209	2.9974	1.2963	1.05	1.3723	2.4476	0.51629	0.28344	2.2665	0.19558	1.905	1.0402	1.9907	2.1382	1.021	3.4078	1.6735	0.79543	0.57582	1.5021	1.8398	2.2828	0.34782	3.2176	18.4617	9.7384	8.5791	7.7327	5.4584	5.5291	12.5597	4.3195	5.2832	7.3891	0.081902	8.8666	16.9898	
unknown				MST					1463	NCBITAXON:http://purl.bioontology.org/ontology/NCBITAXON/3702	Arabidopsis thaliana										26.3435	17.7771	49.3243	41.6047	34.1377	27.5379	39.2067	33.7735	27.6221	44.2905	39.3955	28.8495	32.335	24.8316	34.1999	27.7599	27.7804	28.5434	40.3758	20.0283	18.6461	31.8236	23.0835	23.837	24.6337	31.7385	27.5732	27.3541	22.9094	27.3581	26.162	21.1373	21.5644	24.8406	29.6067	21.6173	20.6016	38.0598	30.53	31.7683	36.952	39.5004	39.4687	34.402	31.3118	36.2732	37.2463	26.4173	40.9485	44.0464	
unknown				MST					1465	NCBITAXON:http://purl.bioontology.org/ontology/NCBITAXON/3702	Arabidopsis thaliana										287.7676	169.155	393.7845	348.8512	276.0023	330.0126	410.8379	354.6488	329.4541	363.6405	315.5762	340.9163	181.9747	256.4289	389.7697	249.1984	275.4972	275.0233	313.1933	141.4641	110.154	236.1255	180.1474	183.7669	181.0516	262.08	210.0807	186.3017	84.5453	206.2549	191.6769	131.7773	89.0606	188.5125	211.7212	129.0002	107.3381	311.5349	196.31	296.1105	289.0846	293.2798	298.7742	239.6037	232.5257	297.1547	289.1183	220.2792	307.4984	223.6805	
CHEBI:15595	C4H4O5-2	C(C(C(=O)[O-])O)C(=O)[O-]	InChI=1S/C4H6O5/c5-2(4(8)9)1-3(6)7/h2,5H,1H2,(H,6,7)(H,8,9)/p-2	Malate					1476	NCBITAXON:http://purl.bioontology.org/ontology/NCBITAXON/3702	Arabidopsis thaliana										358.4716	210.6968	523.3589	513.3548	334.15	362.2388	686.2016	443.4087	348.8547	453.2316	411.4241	436.3709	300.7554	358.4363	506.0349	370.2638	388.1183	364.7577	372.818	219.0675	140.1423	313.3492	351.6701	403.7808	254.7745	332.0505	314.0859	363.3968	170.7435	373.464	357.1147	316.1725	179.1557	407.8003	461.2571	280.8689	262.4972	613.1009	604.3868	775.3025	696.8987	635.603	708.984	639.3067	503.5634	552.8871	715.3048	513.0094	850.2871	726.1773	
CHEBI:26981	C4H10O4			Threitol					1484	NCBITAXON:http://purl.bioontology.org/ontology/NCBITAXON/3702	Arabidopsis thaliana										7.6286	6.8015	7.8415	8.6806	7.7818	7.9796	9.1346	9.675	9.7162	8.3414	8.6753	7.5122	5.8117	7.8558	10.7501	8.8413	9.5327	8.0844	8.0676	6.6604	5.9631	7.5845	7.7294	7.2951	7.0448	6.4025	9.0245	8.3146	4.2118	7.8854	7.5819	7.0105	4.1296	8.2784	7.2205	7.282	6.9813	8.1659	6.4574	7.828	6.1244	8.55	8.531	6.3671	7.6137	6.7039	7.8244	7.5016	6.3953	7.3366	
CHEBI:17113	C4H10O4	C(C(C(CO)O)O)O	InChI=1S/C4H10O4/c5-1-3(7)4(8)2-6/h3-8H,1-2H2/t3-,4+	Erythritol					1493	NCBITAXON:http://purl.bioontology.org/ontology/NCBITAXON/3702	Arabidopsis thaliana										24.5072	15.5887	29.2792	23.9994	24.4456	25.8406	27.1358	25.1008	26.7167	27.7171	24.0045	24.9472	16.5564	25.7378	25.9142	24.8259	23.2473	26.9109	28.6929	16.4062	13.3194	22.1406	23.409	25.4302	15.4556	25.8627	25.0952	22.5268	14.4041	25.827	19.3952	22.554	12.7112	23.5692	24.8146	20.4464	18.4919	32.9394	26.6864	34.8972	28.0525	27.8648	27.9558	39.2614	24.3057	24.2845	32.2606	30.9032	32.0618	26.9155	
unknown				MST					1499	NCBITAXON:http://purl.bioontology.org/ontology/NCBITAXON/3702	Arabidopsis thaliana										208.8652	115.0824	313.6386	323.6258	352.4162	306.622	254.5543	262.2686	291.8205	338.4624	463.4924	241.2121	182.6536	194.4903	339.0359	319.6356	310.9716	288.881	359.8065	150.7163	152.9174	320.2138	303.2343	369.0069	127.3358	339.0013	364.7213	285.568	181.5193	394.3298	271.5611	253.2281	155.2488	356.7624	367.5794	304.4932	396.7397	390.6133	316.4954	337.7577	363.7225	295.2474	259.9952	433.9892	300.6286	260.1956	247.9067	285.7565	353.6294	304.3825	
CHEBI:30762	C7H5O3-	Oc1ccccc1C([O-])=O	InChI=1S/C7H6O3/c8-6-4-2-1-3-5(6)7(9)10/h1-4,8H,(H,9,10)/p-1	Salicylate					1506	NCBITAXON:http://purl.bioontology.org/ontology/NCBITAXON/3702	Arabidopsis thaliana										636.2005	483.1514	628.5008	640.4085	607.0143	622.9005	643.4177	636.0456	606.9749	602.0161	626.5812	667.121	489.8269	566.6589	644.9581	599.068	601.2845	630.0182	644.2381	531.3837	502.9326	645.0548	602.0735	601.2055	568.2768	640.8791	640.2824	643.0275	487.9588	651.1944	623.4836	615.3393	458.0195	635.8409	632.7692	591.5644	603.1039	655.2792	547.9377	673.829	619.7283	620.5837	631.34	600.3925	596.4566	657.5969	639.5651	670.1202	614.3153	590.8227	
CHEBI:29995	C4H5NO4-2	NC(CC([O-])=O)C([O-])=O	InChI=1S/C4H7NO4/c5-2(4(8)9)1-3(6)7/h2H,1,5H2,(H,6,7)(H,8,9)/p-2	Aspartate					1510	NCBITAXON:http://purl.bioontology.org/ontology/NCBITAXON/3702	Arabidopsis thaliana										1040.6045	615.4763	1111.3673	1166.427	1043.1185	1048.895	1090.3813	1157.6887	1158.4876	1075.2375	1010.2271	993.3388	611.6448	1054.8925	1089.3137	1172.4036	1112.631	1202.5966	1109.9265	746.0818	520.8804	986.1878	1076.9575	1103.0283	710.6138	1039.0133	1023.2117	1075.4467	488.5734	1115.3084	816.6918	852.7072	516.1124	1104.8297	999.6104	741.9188	797.5108	1097.2504	853.9285	1143.3584	949.8047	1106.3508	1144.5861	1015.8275	973.2947	1059.3667	1164.047	850.2321	1194.8031	955.5395	
CHEBI:16811	C5H11NO2S	CSCCC(C(=O)O)N	InChI=1S/C5H11NO2S/c1-9-3-2-4(6)5(7)8/h4H,2-3,6H2,1H3,(H,7,8)	Methionine					1515	NCBITAXON:http://purl.bioontology.org/ontology/NCBITAXON/3702	Arabidopsis thaliana										9.1897	5.7479	12.4406	9.9567	10.203	10.8741	10.276	10.7184	10.0476	10.3776	10.9615	11.3777	5.5068	8.3989	13.2085	12.6245	13.6487	12.1408	10.8497	8.3657	6.8181	11.698	10.934	11.8319	8.6138	11.3174	12.8826	11.9575	6.9532	13.7382	12.2399	10.6204	5.4862	12.3667	12.1134	12.1263	10.9334	405.0482	266.4117	292.3629	238.7268	361.1173	392.2692	285.4139	379.443	369.0105	426.2494	399.2596	305.5254	459.5073	
CHEBI:57606	C5H6NO3-	[O-]C(=O)C1CCC(=O)N1	InChI=1S/C5H7NO3/c7-4-2-1-3(6-4)5(8)9/h3H,1-2H2,(H,6,7)(H,8,9)/p-1	Pyroglutamate					1521	NCBITAXON:http://purl.bioontology.org/ontology/NCBITAXON/3702	Arabidopsis thaliana										2812.3992	1978.2517	2601.6041	2802.0753	2571.3688	2681.2992	2535.8161	3075.3038	3304.9682	2422.4107	2756.6632	3434.1388	1727.9955	2677.4484	3010.1633	3292.8196	2967.4908	2927.6828	2750.8545	2535.2959	1975.1554	2586.5292	2958.123	2833.7553	2584.9929	2695.2453	2903.4298	2912.3716	1838.7876	3156.4517	2914.8019	3139.0446	1735.9923	3170.3466	2611.9465	3226.3226	2540.3556	2793.0414	1996.7144	2747.2602	2298.6795	2478.3615	2596.1226	2449.5929	2523.6192	2982.7947	2729.4921	3186.5577	2438.0171	2211.1297	
CHEBI:30566	C4H8NO2-	NCCCC([O-])=O	InChI=1S/C4H9NO2/c5-3-1-2-4(6)7/h1-3,5H2,(H,6,7)/p-1	gamma-Amino-n-butyrate					1525	NCBITAXON:http://purl.bioontology.org/ontology/NCBITAXON/3702	Arabidopsis thaliana										81.343	57.0431	60.2969	71.87	56.2593	196.5268	59.1784	84.1686	71.0547	76.5491	186.8368	167.2285	50.0943	60.5561	89.9372	329.1198	62.6999	107.3451	93.4143	75.4867	51.0782	106.8679	88.881	81.6257	71.975	84.2043	120.6608	92.2509	42.7728	101.7157	165.1287	152.1617	85.0395	125.3042	107.7045	153.932	81.725	57.6796	54.4296	65.6048	52.4467	63.5376	65.046	66.8173	58.7524	69.2889	58.6188	116.0192	90.3971	55.9059	
CHEBI:15243	C4H7O5-			Threonate					1544	NCBITAXON:http://purl.bioontology.org/ontology/NCBITAXON/3702	Arabidopsis thaliana										1438.9685	874.2874	1653.5646	1524.1585	1279.8294	1537.9764	1679.6165	1610.8235	1542.2817	1561.0959	1364.9112	1630.1704	891.4298	1269.3811	1705.1571	1436.4882	1299.3302	1382.9359	1383.8443	802.785	589.718	1068.777	1111.1172	1083.6974	981.2319	1235.2895	1062.5142	1126.8835	457.6793	1124.5216	954.2043	865.9391	487.851	1076.6064	1046.8153	769.6243	652.188	1361.1008	939.3598	1385.7695	1292.7301	1299.2715	1349.364	1149.5076	1198.1588	1456.4134	1309.2672	1190.7113	1405.8692	1018.6073	
unknown				MST					1553	NCBITAXON:http://purl.bioontology.org/ontology/NCBITAXON/3702	Arabidopsis thaliana										19.1117	14.8911	19.9488	23.5879	25.4671	26.4189	17.5896	23.5037	26.9479	21.3815	33.7611	27.9696	15.8064	20.9135	28.7714	33.7563	22.5743	26.0484	24.1636	21.0824	17.4227	24.2071	28.3043	28.1118	19.6904	26.6104	27.9078	27.0145	16.1792	31.0029	27.0959	29.5609	15.3969	32.732	26.9158	35.0953	30.6311	32.1137	21.0211	28.0773	26.2227	23.1841	23.064	31.1955	25.15	31.1436	26.2727	22.5732	27.2616	20.2904	
CHEBI:17822	C3H7NO3	NC(CO)C(O)=O	InChI=1S/C3H7NO3/c4-2(1-5)3(6)7/h2,5H,1,4H2,(H,6,7)	Serine					1565	NCBITAXON:http://purl.bioontology.org/ontology/NCBITAXON/3702	Arabidopsis thaliana										58.8968	29.7301	104.0671	89.9168	86.3456	76.1199	85.1914	71.1134	57.7731	85.7743	80.8388	45.8827	58.7597	51.8567	81.9381	48.6923	76.7513	61.3567	110.938	30.5541	29.3022	88.781	56.3705	94.4703	27.5949	77.4768	88.6964	56.7847	47.0807	66.4625	45.2415	46.1524	31.6522	64.4174	72.9025	43.4018	72.6624	83.3493	80.7204	59.2603	75.839	61.7092	51.5287	103.8655	59.4244	50.9411	44.6412	39.1043	61.0291	75.281	
unknown				MST					1572	NCBITAXON:http://purl.bioontology.org/ontology/NCBITAXON/3702	Arabidopsis thaliana										23.9033	17.5142	29.3832	23.3429	27.1521	28.3515	30.6594	29.8525	24.2327	30.5261	30.8595	27.8898	19.297	19.5418	29.773	33.1458	24.1848	23.7928	28.3797	17.4588	15.4231	22.012	23.281	26.7528	19.4	25.5217	23.5672	26.7317	12.5434	20.491	16.5955	19.5855	15.0212	24.7486	20.8254	17.4927	19.3882	23.2512	21.2465	24.3911	21.0133	26.2726	26.7929	25.9828	24.6154	24.8415	18.9503	20.2278	22.864	21.096	
unknown				MST					1576	NCBITAXON:http://purl.bioontology.org/ontology/NCBITAXON/3702	Arabidopsis thaliana										22.8977	18.3287	16.9499	28.5658	28.4143	37.1234	17.4615	30.1954	33.0227	22.7623	39.6583	35.4333	18.1988	23.1377	37.1002	39.7103	30.5817	33.7861	27.909	25.4288	22.1809	30.6178	34.4945	31.6109	24.8525	31.2318	34.6442	37.3242	21.1171	37.5928	34.6642	36.4074	19.2312	40.1348	29.0961	41.3776	36.7029	38.1203	24.2306	38.2207	29.8572	30.9866	31.7748	36.1201	33.2097	38.5802	33.1971	28.8015	29.2864	24.0669	
unknown				MST					1586	NCBITAXON:http://purl.bioontology.org/ontology/NCBITAXON/3702	Arabidopsis thaliana										29.1788	16.3742	73.7149	85.2116	117.652	61.9082	64.8084	67.9344	75.5347	91.6577	148.2446	34.9988	33.3334	30.6898	82.3096	87.2084	75.7203	65.2803	92.6006	18.9853	23.9904	69.9628	61.3702	104.9157	13.2847	81.7778	86.7735	57.2292	43.2735	96.279	46.0983	46.0439	34.1132	94.4639	87.1496	52.2149	81.6764	86.7891	68.9314	52.9345	70.9521	50.9186	42.6752	104.9473	51.1423	32.3456	35.2077	5.0427	69.9573	81.4124	
CHEBI:18257	C5H12N2O2	C(CC(C(=O)O)N)CN	InChI=1S/C5H12N2O2/c6-3-1-2-4(7)5(8)9/h4H,1-3,6-7H2,(H,8,9)/t4-/m0/s1	Ornithine					1606	NCBITAXON:http://purl.bioontology.org/ontology/NCBITAXON/3702	Arabidopsis thaliana										93.569	47.5236	92.446	113.4072	141.5039	74.6805	94.6018	80.2431	88.2618	101.6844	177.1372	81.9387	66.7534	78.0781	102.7073	95.9039	85.6894	84.944	85.6334	54.33	32.6584	6.9993	77.0617	138.1773	42.8579	92.716	78.2606	77.1303	55.1233	97.6124	62.9924	80.0013	59.5645	129.7765	149.6061	71.5881	136.2131	254.3244	184.5837	150.3256	169.0693	79.9644	66.3408	217.6637	112.0465	195.5765	119.707	56.6984	214.6171	288.1796	
CHEBI:29987	C5H7NO4-2	C(CC(=O)[O-])C(C(=O)[O-])N	InChI=1S/C5H9NO4/c6-3(5(9)10)1-2-4(7)8/h3H,1-2,6H2,(H,7,8)(H,9,10)/p-2/t3-/m0/s1	Glutamate					1608	NCBITAXON:http://purl.bioontology.org/ontology/NCBITAXON/3702	Arabidopsis thaliana										1084.9345	576.587	832.9517	864.2979	807.441	933.9629	833.9419	1033.6891	1023.5438	876.3542	833.4413	1154.5858	468.7736	902.5148	1001.8256	1083.3327	952.3251	1053.7474	778.1772	712.8545	474.5706	813.5771	925.0487	779.5301	682.4973	882.8789	890.0095	978.4615	359.2789	1033.7272	883.865	938.8625	385.7725	1026.4471	866.1319	813.4469	683.5085	952.7212	599.1577	975.1336	791.1794	948.5387	1009.2795	819.417	929.1451	1134.9108	1101.6738	1008.1717	1013.716	768.8076	
unknown				PR-MST					1618	NCBITAXON:http://purl.bioontology.org/ontology/NCBITAXON/3702	Arabidopsis thaliana										127.626	84.3383	206.3719	125.3131	140.0366	111.8582	160.8319	101.9741	72.298	153.4272	124.4066	111.3075	92.5135	147.3737	84.3569	137.1308	73.6939	104.9218	140.8185	69.5424	55.9058	104.2076	124.8177	132.0627	54.4227	118.0788	73.1031	79.6578	68.5362	78.8309	79.8747	116.2025	62.3176	97.8307	124.4587	81.4177	100.2854	158.9393	117.073	100.1691	131.0383	118.7619	106.6279	183.16	117.2259	124.5075	131.6579	92.4379	190.5245	110.2677	
CHEBI:28044	C9H11NO2	C1=CC=C(C=C1)CC(C(=O)O)N	InChI=1S/C9H11NO2/c10-8(9(11)12)6-7-4-2-1-3-5-7/h1-5,8H,6,10H2,(H,11,12)	Phenylalanine					1625	NCBITAXON:http://purl.bioontology.org/ontology/NCBITAXON/3702	Arabidopsis thaliana										34.9755	20.7159	33.4144	42.047	38.2747	44.7581	32.4758	36.6541	39.0108	37.8966	47.7465	46.1419	22.9157	32.9612	41.4151	52.5724	40.5413	41.2463	35.6984	26.644	19.7146	35.1077	37.7934	36.8917	25.3543	35.1864	41.5031	42.1625	22.4554	41.0563	35.4076	39.5358	25.745	46.0835	35.3812	35.027	32.3696	52.8677	36.2621	45.1045	37.3792	41.3625	42.9017	44.9175	41.3117	47.5296	41.372	39.9388	42.2537	41.8156	
CHEBI:18222	C5H10O5			Xylose					1638	NCBITAXON:http://purl.bioontology.org/ontology/NCBITAXON/3702	Arabidopsis thaliana										25.2984	13.6218	28.1658	22.6886	23.1724	23.4951	26.8569	25.8501	23.4628	26.7752	23.836	23.6197	13.6077	18.6918	25.1871	27.0539	25.367	25.8874	26.6427	16.7584	11.3987	24.7484	22.0102	21.7948	14.2901	24.2463	22.4322	24.2744	11.3119	22.4604	21.114	21.7627	10.8067	22.6491	23.155	17.7248	20.0847	26.6522	20.0143	22.7296	20.3838	24.2012	26.1333	22.4248	23.0511	23.0847	21.2196	29.1305	21.6355	19.8448	
CHEBI:22599	C5H10O5			Arabinose					1645	NCBITAXON:http://purl.bioontology.org/ontology/NCBITAXON/3702	Arabidopsis thaliana										16.6513	8.3475	14.8723	14.0026	15.2586	11.6675	14.8462	16.5713	12.0985	15.804	14.3994	14.961	9.2182	12.7079	14.5735	18.675	14.7112	13.4169	14.1109	7.92	5.1883	14.2438	12.6277	13.169	6.7085	11.9383	12.2483	12.4665	6.6763	12.8536	10.4135	13.1918	6.9241	13.354	14.9188	10.1225	12.4836	17.3984	16.7154	15.0371	14.6455	18.0296	18.1687	18.133	17.942	15.9412	17.2271	15.8262	16.6328	16.675	
CHEBI:17230	C4H9NO2S	NC(CCS)C(O)=O	InChI=1S/C4H9NO2S/c5-3(1-2-8)4(6)7/h3,8H,1-2,5H2,(H,6,7)	Homocysteine					1656	NCBITAXON:http://purl.bioontology.org/ontology/NCBITAXON/3702	Arabidopsis thaliana										0.303	0.20177	0.4625	0.26672	0.32497	0.52255	0.21217	0.2601	0.22379	0.21222	0.32534	0.46688	0.16338	0.26349	0.42846	0.31461	0.41785	0.29617	0.29398	0.30255	0.31047	0.34007	0.3575	0.27818	0.25242	0.2954	0.35526	0.31068	0.28993	0.28845	0.32642	0.23907	0.28923	0.38976	0.26789	0.51234	0.2436	16.7945	10.4072	12.8961	12.1359	11.8103	15.1195	14.2897	13.5395	15.6862	16.0499	15.2153	13.4874	11.5831	
CHEBI:22653	C4H8N2O3	NC(CC(N)=O)C(O)=O	InChI=1S/C4H8N2O3/c5-2(4(8)9)1-3(6)7/h2H,1,5H2,(H2,6,7)(H,8,9)	Asparagine					1663	NCBITAXON:http://purl.bioontology.org/ontology/NCBITAXON/3702	Arabidopsis thaliana										642.3086	373.8107	421.5593	495.6146	553.7	569.8234	450.5043	699.5293	690.3557	485.251	690.8572	857.0846	295.3211	562.407	719.424	988.933	578.1651	627.5266	481.9793	507.9887	341.4882	548.7919	690.8619	509.0296	475.5904	499.045	594.299	637.0604	281.6673	703.3997	662.9607	777.7079	228.9323	760.8719	502.3146	864.6796	558.9066	819.8063	453.5751	749.9192	509.2115	623.2692	719.0606	684.7593	679.451	942.7194	881.5306	591.9502	682.3986	520.2156	
CHEBI:33942	C5H10O5			Ribose					1672	NCBITAXON:http://purl.bioontology.org/ontology/NCBITAXON/3702	Arabidopsis thaliana										12.7577	7.7809	13.1632	12.2696	12.4362	12.9459	13.3398	14.0287	12.4422	13.6499	12.4236	14.6585	8.4936	10.7386	16.8221	13.609	11.7903	14.0474	13.4974	8.1619	6.4562	11.3593	11.3246	12.5878	8.2585	12.2373	12.1594	13.2268	5.932	12.4474	11.0671	9.8861	5.8877	12.5377	12.5492	9.8116	10.3939	14.3523	12.0473	16.2951	13.4059	14.2443	16.1128	14.4913	15.0116	15.3199	17.1354	12.687	15.671	14.568	
unknown				MST					1680	NCBITAXON:http://purl.bioontology.org/ontology/NCBITAXON/3702	Arabidopsis thaliana										20.4358	15.3186	21.4513	26.1825	27.7479	24.5758	20.0651	25.7168	28.1285	21.2332	38.6619	31.9717	13.7705	21.4396	28.922	37.8353	22.4017	27.893	27.9857	21.1247	16.8955	25.1942	28.8234	31.3708	23.1219	25.4941	27.5631	28.1669	15.7713	31.083	28.6583	31.9954	15.4045	36.1001	24.6204	37.3562	26.787	26.7898	17.2972	23.7239	22.2862	20.2262	22.6611	30.5571	21.3439	28.1413	25.0345	16.9748	23.8223	18.0756	
unknown				PR-MST					1683	NCBITAXON:http://purl.bioontology.org/ontology/NCBITAXON/3702	Arabidopsis thaliana										4.6711	3.3794	6.511	5.036	4.9702	5.4384	5.7379	4.7031	4.7324	5.6509	4.2595	4.8633	3.3121	5.3442	5.2259	5.4449	4.1759	5.5751	6.3095	3.9253	2.958	4.8426	4.6082	4.8997	3.9916	5.4467	4.752	4.1816	2.4324	5.3716	3.5658	4.261	2.3977	3.9741	5.2685	4.2349	3.5095	6.4656	6.2523	6.841	6.4195	5.9531	6.309	7.9055	4.7934	4.9282	6.3579	5.3843	7.1425	5.5035	
unknown				PR-MST					1684	NCBITAXON:http://purl.bioontology.org/ontology/NCBITAXON/3702	Arabidopsis thaliana										65.1763	41.0506	65.3643	61.0134	55.4184	61.1815	58.7435	70.3165	67.9748	54.6907	55.7045	78.2083	34.9888	62.1058	80.6314	80.2211	52.5162	70.9585	61.8882	44.4062	29.734	50.523	62.2346	47.8379	46.5318	51.6124	51.6001	59.4231	25.6261	58.1828	57.5571	62.5079	27.3796	62.8661	48.2679	63.0384	37.8476	58.5508	44.038	76.2238	50.6438	60.6612	67.2198	55.9202	51.6859	64.4256	67.4063	78.6133	58.3696	42.0808	
CHEBI:30997	C6H10O5	C1C2C(C(C(C(O1)O2)O)O)O	InChI=1S/C6H10O5/c7-3-2-1-10-6(11-2)5(9)4(3)8/h2-9H,1H2/t2-,3-,4+,5-,6-/m1/s1	1,6-anhydro-Glucose					1695	NCBITAXON:http://purl.bioontology.org/ontology/NCBITAXON/3702	Arabidopsis thaliana										15.0165	9.4633	15.557	19.1107	16.2802	18.1538	14.5764	17.9576	17.119	15.4234	16.3455	21.2838	10.2819	14.2344	20.133	20.4223	17.9022	18.4078	17.3699	12.97	9.0355	15.8771	14.2451	16.2605	11.9118	18.5634	16.0421	17.9306	9.1206	19.6397	17.8645	14.9395	8.4431	18.6442	18.5384	14.5564	14.5352	21.1705	17.4096	19.4995	20.5531	19.0206	20.3066	20.1578	19.5229	19.1979	20.1829	21.9147	21.3743	18.0785	
CHEBI:17270	C3H9O6P	C(C(CO)OP(=O)(O)O)O	InChI=1S/C3H9O6P/c4-1-3(2-5)9-10(6,7)8/h3-5H,1-2H2,(H2,6,7,8)	Glycerol-2-phosphate					1706	NCBITAXON:http://purl.bioontology.org/ontology/NCBITAXON/3702	Arabidopsis thaliana										0.4022	0.44737	0.74706	1.2843	0.54264	1.1863	0.27941	0.70953	0.63515	0.38329	0.58172	0.91781	0.52273	0.59588	1.371	0.5088	0.38413	1.35	1.2062	1.5314	1.2355	1.0524	0.47061	0.61168	1.7465	1.3545	0.57203	1.3465	0.99868	1.3904	1.3754	0.69404	0.75988	1.1745	0.81652	1.3039	0.48182	0.52996	0.30548	1.2003	0.96619	0.6306	1.2834	0.55192	0.78765	0.92916	1.0591	0.399	1.0148	0.57968	
unknown				PR-MST					1709	NCBITAXON:http://purl.bioontology.org/ontology/NCBITAXON/3702	Arabidopsis thaliana										47.8451	29.9251	65.2343	55.4396	48.6558	49.9386	48.6412	49.8117	46.8108	48.3068	42.3003	59.9737	28.9556	43.2168	70.5075	47.5472	35.8987	50.6403	54.5901	31.1571	22.5945	33.6935	34.8315	28.8489	33.1895	46.2206	34.4814	39.2019	15.9551	42.4712	34.4062	31.466	19.5532	39.9517	38.5463	32.3058	20.2068	48.0885	35.6709	60.7851	51.2073	50.9387	55.4126	39.7482	44.6518	52.6493	56.914	42.6989	57.2623	37.9786	
unknown				MST					1716	NCBITAXON:http://purl.bioontology.org/ontology/NCBITAXON/3702	Arabidopsis thaliana										66.6578	31.488	69.0827	54.9838	65.724	55.1382	57.8598	61.7254	51.9354	55.3265	54.4357	53.4281	32.5893	42.9798	70.4219	70.1086	50.6015	55.021	57.6678	26.1152	16.8051	40.6954	50.1963	44.1234	29.0119	50.6283	51.6642	58.809	20.7131	59.9658	49.8979	47.2163	25.7222	58.0771	56.1112	44.8491	44.3086	61.5248	50.3513	65.5813	57.722	56.8275	63.1819	61.4892	50.5552	51.42	64.8384	59.235	64.2416	50.6802	
unknown				PR-MST					1720	NCBITAXON:http://purl.bioontology.org/ontology/NCBITAXON/3702	Arabidopsis thaliana										16.1788	7.1569	17.6998	15.1369	15.9138	14.7833	13.2496	14.5321	12.3761	12.7584	14.2579	13.3513	8.3189	9.2099	17.5312	15.5619	11.8703	14.448	14.6613	6.9703	5	11.376	10.9487	10.2123	7.6871	13.9729	12.6297	14.509	5.96	16.1727	13.8998	11.5848	7.1556	14.6118	14.9083	10.6703	10.5942	15.9095	11.9607	16.3821	16.8517	14.3143	16.6272	15.893	13.8287	14.1574	18.182	14.9941	18.658	13.2571	
unknown				MST					1727	NCBITAXON:http://purl.bioontology.org/ontology/NCBITAXON/3702	Arabidopsis thaliana										38.0837	20.201	40.73	33.4989	40.1939	36.0461	45.7548	42.8357	35.7408	46.4801	40.5609	36.1961	25.3645	30.6844	36.7074	39.6546	37.8275	33.14	35.6041	20.138	15.3139	33.7267	36.2007	41.6479	21.0193	36.0015	36.7946	33.6286	16.5716	28.6468	24.699	31.6147	18.0618	33.9141	34.1309	24.4423	33.5443	40.1958	34.9913	31.2845	31.3645	36.6844	32.071	37.6976	34.5532	36.2389	27.8609	33.3792	32.9618	35.2496	
unknown				MST					1733	NCBITAXON:http://purl.bioontology.org/ontology/NCBITAXON/3702	Arabidopsis thaliana										52.0952	35.6536	15.4749	18.1451	13.4705	50.7844	16.1531	51.2677	49.123	15.9152	16.089	54.7776	9.6053	50.4717	60.1924	54.0592	41.2356	53.1952	14.1442	45.1935	22.1478	33.4598	48.1535	12.1668	46.1189	14.219	38.5843	55.247	6.4038	24.95	55.2474	48.6907	7.763	53.8717	13.065	47.7582	11.7891	65.3593	11.4731	60.6394	12.2305	49.2213	67.1278	13.0753	47.654	68.8838	50.6247	54.002	14.497	12.4091	
CHEBI:17148	C4H12N2	C(CCN)CN	InChI=1S/C4H12N2/c5-3-1-2-4-6/h1-6H2	Putrescine					1737	NCBITAXON:http://purl.bioontology.org/ontology/NCBITAXON/3702	Arabidopsis thaliana										422.7587	230.3987	388.077	441.9628	447.1549	415.0503	369.7573	389.2134	321.2208	418.8848	411.7485	428.2326	256.7306	318.3337	418.5127	429.3413	384.0085	349.3885	379.7794	253.5002	192.1028	419.4671	381.1883	376.2962	240.468	379.8182	389.7899	394.8941	208.3461	418.0245	351.972	418.1831	196.5566	421.4735	395.2716	347.8744	443.2552	431.209	378.7262	443.3263	348.8823	381.7145	428.0981	406.759	406.8499	434.9164	409.0771	407.0248	383.6526	396.4073	
unknown				MST					1742	NCBITAXON:http://purl.bioontology.org/ontology/NCBITAXON/3702	Arabidopsis thaliana										156.2157	91.3016	156.114	133.3496	150.6335	141.8411	131.1791	146.3021	122.9493	132.813	136.0862	129.9749	84.8162	109.3434	168.2248	171.8471	119.129	129.9477	136.5466	74.0739	55.8815	103.2254	119.5829	110.0396	85.1665	122.3691	126.7053	135.9939	65.3245	143.9432	127.9797	123.2994	75.701	142.5988	132.0801	123.8495	110.7264	153.4816	118.1667	152.4725	139.7722	139.1263	154.0331	149.8763	127.5586	133.6383	158.0199	143.0059	152.9767	117.0189	
CHEBI:14336	C3H9O6P	C(C(COP(=O)(O)O)O)O	InChI=1S/C3H9O6P/c4-1-3(5)2-9-10(6,7)8/h3-5H,1-2H2,(H2,6,7,8)	Glycerol-3-phosphate					1744	NCBITAXON:http://purl.bioontology.org/ontology/NCBITAXON/3702	Arabidopsis thaliana										186.5564	180.3856	201.472	227.1795	199.142	228.8994	209.7092	221.553	220.6327	217.6575	195.8047	182.6209	148.4096	230.9811	256.4656	221.192	203.5472	222.8626	219.6425	203.9304	192.0569	199.0709	195.9466	204.3777	195.9746	221.1991	202.8821	203.1242	160.4692	222.5082	212.3068	182.3432	142.881	214.819	215.0682	214.5379	177.7207	216.6713	170.4441	211.1477	193.7791	211.4328	232.6016	215.9325	212.4795	209.5757	220.9843	133.021	228.474	198.5478	
unknown				MST					1752	NCBITAXON:http://purl.bioontology.org/ontology/NCBITAXON/3702	Arabidopsis thaliana										77.4623	57.765	129.4354	153.9982	135.7928	142.1178	131.7537	119.7717	104.8773	141.9555	126.8386	78.1714	81.3321	94.9264	140.8758	122.4318	129.44	123.1808	136.9927	68.5116	62.3153	125.313	90.3482	117.8724	58.7058	145.3108	113.1997	113.9635	69.0759	129.0696	106.5388	80.2941	57.0446	115.7309	145.0737	79.6129	105.3324	164.2013	149.1851	143.6061	170.1203	149.7948	145.4486	172.4775	148.1163	109.0593	132.6566	78.5083	160.8658	138.7245	
CHEBI:28300	C5H10N2O3	NC(CCC(N)=O)C(O)=O	InChI=1S/C5H10N2O3/c6-3(5(9)10)1-2-4(7)8/h3H,1-2,6H2,(H2,7,8)(H,9,10)/t3-/m0/s1	Glutamine					1763	NCBITAXON:http://purl.bioontology.org/ontology/NCBITAXON/3702	Arabidopsis thaliana										224.9294	123.4548	24.1076	45.9776	65.9482	81.0434	50.0185	167.3027	172.895	68.0255	77.6324	383.0833	31.1027	162.9669	157.7267	345.8041	98.6458	159.3122	32.1599	219.3385	89.8855	69.4705	207.0127	45.1572	220.8989	83.7812	87.3943	190.6101	34.9022	141.4945	252.9501	325.181	38.6668	260.0491	87.2878	320.194	81.5382	136.2969	33.1611	145.6482	62.598	158.195	230.3513	91.4034	208.9263	412.3604	370.9336	157.1641	162.9249	87.3548	
unknown				PR-MST					1773	NCBITAXON:http://purl.bioontology.org/ontology/NCBITAXON/3702	Arabidopsis thaliana										59.2258	54.8769	64.8188	65.9779	57.5539	71.4885	64.6608	82.0313	78.2032	63.5674	60.3825	48.6375	46.2958	76.7818	84.3468	81.4097	62.9427	73.0342	65.7886	58.553	48.9038	60.2645	66.3408	59.005	50.4994	62.9711	62.6584	72.5902	44.3394	63.1551	69.7733	58.9119	39.1571	75.2944	54.5419	65.6946	52.8974	73.992	54.0478	79.5572	68.6426	67.6024	84.3222	73.6402	65.5728	84.816	91.1219	15.7183	77.1761	64.4733	
unknown				MST					1788	NCBITAXON:http://purl.bioontology.org/ontology/NCBITAXON/3702	Arabidopsis thaliana										13.656	15.61	6.433	3.4597	7.0376	1.8359	14.0541	13.2912	23.0688	5.2096	6.7727	15.9678	26.336	19.366	2.3	10.3957	107.1356	2.4283	2.1803	12.4792	8.4882	2.5886	25.6854	7.2992	6.6316	2.1477	5.2081	4.5724	140.3965	0.9088	3.9835	10.5374	12.4355	5.3355	8.2746	19.7904	2.7845	16.4886	9.0234	3.1554	2.373	16.9458	11.4832	19.6463	12.0424	8.4098	5.7035	6.2225	6.3942	13.7448	
CHEBI:36208	C7H9O5-	O[C@@H]1CC(=C[C@@H](O)[C@H]1O)C([O-])=O	InChI=1S/C7H10O5/c8-4-1-3(7(11)12)2-5(9)6(4)10/h1,4-6,8-10H,2H2,(H,11,12)/p-1/t4-,5-,6-/m1/s1	Shikimate					1788	NCBITAXON:http://purl.bioontology.org/ontology/NCBITAXON/3702	Arabidopsis thaliana										42.1701	25.2874	50.8914	41.0281	41.4928	40.8496	45.0391	44.5176	39.6845	44.4718	39.5053	41.1845	27.4374	36.4836	45.3664	41.3436	41.8347	38.0332	43.7898	26.4902	18.6117	35.7957	35.8765	38.9297	25.2736	37.0162	34.7264	38.311	19.439	34.7501	30.8851	27.9053	17.0596	37.014	37.0375	28.2889	31.112	51.8896	43.8806	51.4292	48.0988	51.4747	55.7691	49.1551	47.9935	51.7976	53.6999	39.5684	53.7772	47.6513	
CHEBI:16947	C6H5O7-3	C(C(=O)[O-])C(CC(=O)[O-])(C(=O)[O-])O	InChI=1S/C6H8O7/c7-3(8)1-6(13,5(11)12)2-4(9)10/h13H,1-2H2,(H,7,8)(H,9,10)(H,11,12)/p-3	Citrate					1803	NCBITAXON:http://purl.bioontology.org/ontology/NCBITAXON/3702	Arabidopsis thaliana										77.3649	52.935	140.105	126.9327	78.6582	83.7933	200.5352	107.438	100.5016	128.8428	106.6656	101.4211	72.6241	91.8994	92.4014	96.2469	91.1645	117.4417	109.5585	65.6452	41.5139	71.0674	97.9825	102.8578	61.0164	89.67	79.2528	87.3846	49.1415	72.8823	82.8025	80.9056	49.3713	86.2645	96.7275	62.7911	46.1794	71.3124	78.1614	84.5655	95.6494	86.692	96.6305	104.8018	62.3609	68.3544	88.5865	53.557	145.2281	69.3171	
CHEBI:18257	C5H12N2O2	C(CC(C(=O)O)N)CN	InChI=1S/C5H12N2O2/c6-3-1-2-4(7)5(8)9/h4H,1-3,6-7H2,(H,8,9)/t4-/m0/s1	Ornithine					1808	NCBITAXON:http://purl.bioontology.org/ontology/NCBITAXON/3702	Arabidopsis thaliana										85.6432	42.854	74.2163	73.4703	125.4095	117.7463	92.068	104.4774	108.9837	85.6195	181.3451	123.0074	61.9391	56.5013	135.18	173.4649	108.008	108.1257	120.9802	66.8148	51.4412	102.079	140.0951	144.2486	59.8668	110.1071	131.2384	109.6788	70.3754	116.5909	83.4835	94.9727	44.8941	114.549	101.512	120.3442	121.2017	324.5103	176.6621	228.3488	227.3912	215.1573	219.7798	323.8703	193.6382	263.8339	307.6555	153.2137	216.5201	193.2809	
CHEBI:29016	C6H14N4O2	C(CC(C(=O)O)N)CN=C(N)N	InChI=1S/C6H14N4O2/c7-4(5(11)12)2-1-3-10-6(8)9/h4H,1-3,7H2,(H,11,12)(H4,8,9,10)	Arginine, NH3					1813	NCBITAXON:http://purl.bioontology.org/ontology/NCBITAXON/3702	Arabidopsis thaliana										41.8005	36.1041	33.809	55.5343	60.2366	66.5266	36.9038	63.3474	64.187	35.0489	96.0396	86.4153	38.6455	71.0982	104.1746	70.559	64.2218	56.4805	65.7211	63.1862	40.4344	62.0877	70.9667	72.4674	51.0867	68.5879	84.7715	73.5613	38.4716	91.3145	83.514	77.0716	32.396	105.8444	68.6579	83.5501	81.8982	195.4656	109.7326	169.0412	128.0223	98.0148	127.4232	147.8059	106.858	196.9349	180.7057	96.0241	128.1737	142.518	
unknown				PR-MST					1816	NCBITAXON:http://purl.bioontology.org/ontology/NCBITAXON/3702	Arabidopsis thaliana										23.7157	8.8234	18.2965	18.4164	17.0816	20.7435	16.9699	24.1311	18.1474	12.9085	17.0648	28.4134	12.0427	17.9655	30.1107	26.8894	16.8868	23.602	17.3412	9.093	6.892	17.0061	20.6818	15.6121	13.0523	18.8396	17.4105	23.3018	8.3729	22.1375	22.3458	19.5693	9.0592	27.4868	18.0833	17.8974	13.5995	27.0448	16.8649	33.3065	25.883	19.5454	28.1391	19.6843	19.9084	33.3813	35.3215	24.5664	23.7923	16.4202	
CHEBI:21363	C5H11NO4S	CS(=O)(=O)CCC(C(=O)O)N	InChI=1S/C5H11NO4S/c1-11(9,10)3-2-4(6)5(7)8/h4H,2-3,6H2,1H3,(H,7,8)	Methionine sulfone					1823	NCBITAXON:http://purl.bioontology.org/ontology/NCBITAXON/3702	Arabidopsis thaliana										0.46572	0.48997	0.73694	0.84363	1.1772	0.9673	0.72129	1.0967	0.92072	0.76631	1.3586	1.4161	0.44017	0.88594	1.0587	1.3175	1.3589	0.84517	1.0663	0.90294	0.67345	1.0908	1.2055	1.4246	0.42762	1.1722	1.1683	1.0085	0.81551	1.2242	1.0865	1.3097	0.69972	1.3696	1.1502	1.246	1.3875	14.0895	9.4808	5.4739	8.475	9.8582	10.5337	9.7443	14.4986	15.9332	15.0406	9.6789	12.8712	14.2639	
CHEBI:17242	C6H6O6	OCC(O)C1OC(=O)C(=O)C1=O	InChI=1S/C6H6O6/c7-1-2(8)5-3(9)4(10)6(11)12-5/h2,5,7-8H,1H2	Dehydroascorbate					1841	NCBITAXON:http://purl.bioontology.org/ontology/NCBITAXON/3702	Arabidopsis thaliana										6.0576	2.8227	11.8045	8.7717	10.9123	7.885	9.5572	7.0556	5.2855	12.8073	10.3311	4.0733	13.2121	4.8388	5.8803	9.0429	9.1682	6.523	10.3172	3.1255	2.982	7.9216	8.4716	12.5505	2.4337	9.2199	8.1782	6.9495	6.7585	8.6512	4.5533	5.4932	6.1305	7.275	11.8192	4.3584	11.5664	9.4772	11.3942	5.7898	9.3203	8.4685	7.2148	11.3328	8.8535	4.9268	3.9827	5.8467	9.7785	9.5915	
CHEBI:30807	C14H27O2-	C(CCCCCCCC)CCCCC([O-])=O	InChI=1S/C14H28O2/c1-2-3-4-5-6-7-8-9-10-11-12-13-14(15)16/h2-13H2,1H3,(H,15,16)/p-1	Tetradecanoate					1843	NCBITAXON:http://purl.bioontology.org/ontology/NCBITAXON/3702	Arabidopsis thaliana										370.4245	348.1747	319.1917	319.2737	332.0073	331.2812	331.7595	364.1557	366.1342	329.7029	333.1814	363.1987	304.9626	360.8483	352.3178	373.7136	346.9005	351.4777	321.8454	358.3082	333.2474	332.3107	366.9309	334.7341	356.2521	332.4545	341.6604	365.2384	310.5522	327.2579	356.4077	368.3363	312.0687	363.5356	326.75	370.3721	336.7059	369.7928	313.2314	371.3994	329.1933	349.3044	337.7527	334.4119	347.3865	382.3991	363.6128	352.9468	326.8342	321.2656	
CHEBI:28757	C6H12O6			Fructose					1855	NCBITAXON:http://purl.bioontology.org/ontology/NCBITAXON/3702	Arabidopsis thaliana										3953.521	3527.6939	2312.0315	947.6819	3221.7187	650.7856	3477.6309	3966.9437	3745.3686	3258.4879	1814.5336	3335.4151	2386.9274	3965.1576	689.669	3818.4979	3855.3765	940.9039	602.2978	2287.5425	1551.3571	726.557	3742.4312	2563.5833	381.82	512.0968	2692.8436	707.7613	2091.0336	773.0732	699.0268	3402.3729	2377.6269	1305.0332	2065.9953	1883.8526	2820.4298	2695.8917	3027.4823	371.5348	248.5965	3082.6561	1112.0325	1988.1369	3337.5313	1074.9251	577.4846	3934.7903	1282.9865	2664.0023	
CHEBI:28757	C6H12O6			Fructose					1864	NCBITAXON:http://purl.bioontology.org/ontology/NCBITAXON/3702	Arabidopsis thaliana										2607.3815	3673.941	2497.29	850.2183	2116.4047	417.4499	2110.9487	2456.0029	3829.8852	2020.1135	2136.9437	3335.7348	1806.3307	3787.9662	391.9401	2540.0972	2468.2274	512.0844	615.0322	1696.2142	1326.3162	471.3396	2332.5553	2908.0164	181.0667	482.8758	2878.1906	375.8105	1982.0708	543.9783	357.6218	3260.4647	2350.6303	856.5239	1986.6109	1358.8331	2973.0008	2551.2127	1836.2506	208.8813	291.0181	2753.7786	680.8732	2109.4122	2058.2241	586.3352	306.4758	4581.3584	1185.2553	1914.9937	
CHEBI:17234	C6H12O6			Glucose					1882	NCBITAXON:http://purl.bioontology.org/ontology/NCBITAXON/3702	Arabidopsis thaliana										4349.7342	4186.6167	2957.3051	2052.0947	3425.9142	2010.8448	3581.3052	4264.35	4119.0214	3336.4358	2500.241	3844.3636	2623.1487	4481.1252	2045.0429	4121.9349	4272.8623	2337.8596	2064.5481	3064.9445	2337.487	1943.0385	4107.3889	3191.0554	1406.9003	1970.7705	3157.2844	2131.8636	2519.5131	2161.5299	1999.48	3856.9671	2723.6539	2251.8623	2631.1556	2746.39	3117.0906	3103.383	2944.4508	1726.4986	1633.871	3361.2776	2195.7261	2366.1832	3687.6152	2286.8966	1887.6851	4242.1491	2270.6479	2934.2635	
CHEBI:17566	C10H8N2	N#CCc1c[nH]c2ccccc12	InChI=1S/C10H8N2/c11-6-5-8-7-12-10-4-2-1-3-9(8)10/h1-4,7,12H,5H2	Indole-3-acetonitrile					1887	NCBITAXON:http://purl.bioontology.org/ontology/NCBITAXON/3702	Arabidopsis thaliana										287.3872	275.3231	235.9654	247.8064	143.7286	256.4206	135.5075	295.1394	322.4488	132.681	252.1399	464.7566	146.9179	334.2331	333.2786	362.1246	264.4691	296.3224	207.4441	302.2144	195.9297	193.345	281.6895	209.1216	234.1583	204.6846	242.0927	258.7007	165.2999	243.6289	233.3055	325.5642	180.388	236.7915	226.6848	318.3179	163.9029	250.3652	87.7291	193.5704	146.7665	212.9334	256.8498	187.2359	236.6436	267.7789	231.2588	347.4161	212.4728	142.5897	
unknown				PR-MST					1891	NCBITAXON:http://purl.bioontology.org/ontology/NCBITAXON/3702	Arabidopsis thaliana										380.9948	215.0493	301.3853	99.7786	382.4635	91.8561	331.8983	331.1762	276.1858	299.3714	185.239	254.1722	194.0125	263.7145	124.9099	324.4188	295.4408	113.51	114.3042	105.0105	67.1883	68.4096	269.3758	199.1856	40.5295	85.0429	208.0131	98.8457	97.6491	98.5837	80.4188	216.1635	125.5603	115.9305	167.6002	133.2431	217.2204	225.6436	277.1685	79.1356	70.7477	255.6608	93.8654	176.3024	240.5798	81.4751	97.459	221.6028	153.1794	220.8094	
CHEBI:17234	C6H12O6			Glucose					1904	NCBITAXON:http://purl.bioontology.org/ontology/NCBITAXON/3702	Arabidopsis thaliana										2170.1105	1737.4066	1161.5939	417.6552	1700.1738	382.9384	1866.2315	2123.1442	1705.8768	1716.6055	892.9384	1394.5905	1218.0511	1966.3883	393.6146	2019.5857	1975.8535	492.6743	414.319	720.0685	494.7891	388.1189	1882.7771	1240.4008	246.7943	364.9986	1176.2029	440.8836	647.7549	397.5379	374.9191	1399.1905	804.9871	501.6054	769.3084	596.0194	1361.2076	1206.9784	1522.2754	309.3966	280.65371	1511.8597	498.1233	792.671	1716.3979	465.6865	351.5826	1821.5365	601.1348	1266.4371	
CHEBI:25094	C6H14N2O2	CC(CCCN)(C(=O)O)N	InChI=1S/C6H14N2O2/c1-6(8,5(9)10)3-2-4-7/h2-4,7-8H2,1H3,(H,9,10)	Lysine					1913	NCBITAXON:http://purl.bioontology.org/ontology/NCBITAXON/3702	Arabidopsis thaliana										19.6306	14.0618	20.3415	26.6509	26.8125	28.2508	20.3028	25.3783	27.3618	22.5162	32.2953	26.6367	14.0463	24.2675	29.1069	44.3158	30.2788	31.9907	26.9798	23.467	15.1921	25.3533	31.6012	31.9152	19.0682	29.6501	33.8375	34.7259	15.5776	32.97	28.6007	28.58	13.9437	39.074	28.5562	30.6522	25.4694	35.0392	18.8059	29.3723	23.897	22.5989	26.5482	34.3658	27.7688	34.7445	30.5102	17.4975	26.0806	28.0939	
CHEBI:15760	C8H11NO	C1=CC(=CC=C1CCN)O	InChI=1S/C8H11NO/c9-6-5-7-1-3-8(10)4-2-7/h1-4,10H,5-6,9H2	Tyramine					1914	NCBITAXON:http://purl.bioontology.org/ontology/NCBITAXON/3702	Arabidopsis thaliana										25.4351	18.0932	25.4399	26.7735	28.134	24.2739	24.5408	28.4576	28.6954	27.9294	28.3134	26.7568	17.342	25.0887	27.7801	36.3454	27.91	25.6678	24.8694	18.7252	13.6773	22.2562	26.1364	26.7005	17.5954	23.6904	26.4218	25.1371	14.7133	26.188	22.4642	23.3249	13.8884	28.3033	24.4496	23.0898	21.7099	29.8708	21.8991	25.786	22.2	24.1423	25.2813	29.1449	25.1447	27.9572	26.4036	21.627	25.4204	24.7027	
unknown				PR-MST					1917	NCBITAXON:http://purl.bioontology.org/ontology/NCBITAXON/3702	Arabidopsis thaliana										39.1684	25.1731	44.5337	36.7969	43.5066	37.0146	48.4652	50.9955	43.2338	47.0741	42.5451	57.141	28.7763	43.8655	49.2024	44.9711	33.1025	37.6018	44.0259	29.1312	22.8517	39.082	48.7543	53.0467	30.5343	40.1826	46.1731	40.8907	24.6464	41.55	38.8644	46.4248	26.4811	52.1881	39.141	33.6647	35.7999	119.8453	73.0146	77.4911	80.8244	86.1012	85.6342	93.8342	93.2526	92.2886	80.9964	79.3551	86.3488	102.3157	
unknown				MST					1925	NCBITAXON:http://purl.bioontology.org/ontology/NCBITAXON/3702	Arabidopsis thaliana										66.3092	35.5566	51.0355	47.9867	53.3526	48.1119	48.6492	61.6941	47.7012	59.6119	53.3755	55.3054	28.704	44.4603	53.8859	88.049	58.0112	48.6097	44.4146	33.9305	18.2509	42.5421	53.1985	43.1219	33.674	46.7248	49.7831	57.2149	21.6056	58.5466	45.9604	59.6469	25.5862	55.4982	53.6175	49.7898	50.2348	57.938	50.3898	46.7503	40.9716	61.2737	62.3889	52.0558	62.2017	58.8111	47.6897	62.1252	51.678	50.3659	
unknown				MST					1930	NCBITAXON:http://purl.bioontology.org/ontology/NCBITAXON/3702	Arabidopsis thaliana										18.7865	14.3725	17.9704	17.2195	17.1509	15.8969	18.2198	19.7371	18.0635	18.5026	17.304	18.1699	12.4903	17.0431	16.2269	18.0919	14.8476	14.0781	15.5172	13.6897	11.4586	14.1668	14.4503	14.7027	15.4505	14.5054	13.5882	14.0687	11.5021	13.1515	13.6612	13.0983	10.3617	13.7967	13.841	15.3169	12.6526	16.2236	13.7624	15.0038	14.0525	15.8785	14.892	16.4839	13.9134	16.5672	14.6885	13.3469	13.3921	12.1154	
CHEBI:18186	C9H11NO3	C1=CC(=CC=C1CC(C(=O)O)N)O	InChI=1S/C9H11NO3/c10-8(9(12)13)5-6-1-3-7(11)4-2-6/h1-4,8,11H,5,10H2,(H,12,13)	Tyrosine					1932	NCBITAXON:http://purl.bioontology.org/ontology/NCBITAXON/3702	Arabidopsis thaliana										8.0548	5.1148	9.5031	12.1049	10.6106	13.0381	8.5787	9.7914	10.3577	11.13	11.1896	10.0194	5.268	8.0186	11.2712	14.7976	12.0923	13.1289	11.3624	7.5043	5.0867	10.8361	11.8108	11.7329	5.9882	12.5724	13.3347	13.9563	5.518	13.7012	10.7617	10.1807	5.9271	13.6353	12.3736	7.9223	8.3751	7.2207	5.3801	7.3772	6.9847	6.8522	8.3738	8.5415	8.2604	8.1742	9.2329	6.6766	11.3527	8.6973	
CHEBI:17505	C12H22O11	C(C1C(C(C(C(O1)OC2C(C(C(C(C2O)O)O)O)O)O)O)O)O	InChI=1S/C12H22O11/c13-1-2-3(14)4(15)10(21)12(22-2)23-11-8(19)6(17)5(16)7(18)9(11)20/h2-21H,1H2/t2-,3+,4+,5?,6-,7+,8+,9+,10-,11?,12-/m1/s1	Galactitol					1948	NCBITAXON:http://purl.bioontology.org/ontology/NCBITAXON/3702	Arabidopsis thaliana										12.0412	7.8656	12.5123	12.1665	11.5227	11.2052	12.1108	14.3301	12.2746	13.7642	8.8685	12.2489	9.3235	11.9462	12.1661	13.8294	12.6471	10.2871	11.3228	9.262	6.7799	9.5576	10.1029	10.3214	7.6909	11.094	8.6551	9.6259	8.4409	10.3012	10.8609	10.336	7.4656	9.4632	10.5168	8.7757	7.977	11.6696	13.2695	11.5158	13.6447	14.7334	14.07	10.3729	13.5424	11.0409	13.6338	12.425	12.8972	10.6914	
CHEBI:37661	C6H12O6			Glucopyranose					1955	NCBITAXON:http://purl.bioontology.org/ontology/NCBITAXON/3702	Arabidopsis thaliana										35.4139	33.6496	27.7906	22.4785	30.0014	18.2005	36.4813	35.4522	49.972	30.9485	31.1889	41.1854	56.2617	46.125	24.1678	38.0682	196.1685	19.8235	24.9323	27.0795	18.2045	20.2522	49.9014	27.2751	24.4146	24.4003	22.0396	22.0667	254.6762	19.9634	29.1839	34.6552	26.8657	21.4375	32.8631	50.1645	23.6302	52.0517	37.6702	25.3675	18.4476	55.5387	50.9297	53.6018	48.7539	36.0764	34.9069	36.6681	44.3392	49.4942	
unknown				MST					1975	NCBITAXON:http://purl.bioontology.org/ontology/NCBITAXON/3702	Arabidopsis thaliana										14.5006	12.5972	20.6969	19.895	9.6475	13.2824	19.4808	17.3926	13.3204	16.3311	7.0317	21.8564	8.7099	10.4722	13.1524	12.6346	13.2652	12.6285	13.8838	11.9355	10.8946	9.4853	8.7437	9.6586	13.5687	11.3855	9.1197	11.3449	14.0612	10.1633	9.9876	10.1041	12.2955	9.5738	10.5101	10.8174	7.5183	11.0013	11.1193	13.8187	13.2559	12.1656	16.5419	11.6415	10.6368	12.8657	14.2694	33.5953	10.7249	8.9421	
CHEBI:24148	C6H11O7-			Galactonate					1984	NCBITAXON:http://purl.bioontology.org/ontology/NCBITAXON/3702	Arabidopsis thaliana										40.9077	24.9472	45.2803	41.3427	38.0128	37.1798	45.2588	45.9541	39.9005	44.5027	37.7929	43.2742	23.62	33.5616	42.4144	46.1871	41.015	38.1144	39.8051	25.0535	17.1706	34.0374	34.0422	33.984	26.3794	35.7986	33.0586	37.1447	18.1851	34.0269	31.5128	30.2266	17.2721	34.9164	36.144	27.0991	27.392	45.8991	35.0059	40.952	40.4017	42.4706	48.9462	41.9233	39.3552	44.426	43.2584	49.1385	46.5019	36.1455	
CHEBI:16543	C7H14N2O3	CC(=O)NC(CCCN)C(=O)O	InChI=1S/C7H14N2O3/c1-5(10)9-6(7(11)12)3-2-4-8/h6H,2-4,8H2,1H3,(H,9,10)(H,11,12)/t6-/m0/s1	N-acetyl-Ornithine					1990	NCBITAXON:http://purl.bioontology.org/ontology/NCBITAXON/3702	Arabidopsis thaliana										4.1501	2.584	3.653	3.4394	5.9052	5.3052	4.1556	7.2398	6.8503	2.8874	2.2515	7.1226	1.801	2.9913	6.7934	5.9299	6.0055	7.3646	5.8909	3.6541	2.8526	3.8051	5.9539	5.5824	4.7732	5.7701	4.765	5.0722	3.5453	6.4361	4.3538	3.9986	1.6447	3.7175	3.0763	4.2924	2.4946	10.734	5.2492	8.9579	7.1841	9.6327	8.8156	8.0437	7.8862	12.9432	13.0143	8.9778	7.6179	6.4017	
CHEBI:28300	C5H10N2O3	NC(CCC(N)=O)C(O)=O	InChI=1S/C5H10N2O3/c6-3(5(9)10)1-2-4(7)8/h3H,1-2,6H2,(H2,7,8)(H,9,10)/t3-/m0/s1	Glutamine					1991	NCBITAXON:http://purl.bioontology.org/ontology/NCBITAXON/3702	Arabidopsis thaliana										13.606	6.6382	13.9438	13.3973	16.4758	11.939	13.3238	17.1245	16.6283	15.0088	19.9017	15.7238	7.0197	10.3644	16.1172	19.7402	16.2163	14.031	15.4778	6.7722	5.2951	13.6539	15.9646	17.0923	5.7262	13.1805	15.889	13.7899	6.505	15.8295	12.3626	14.7553	6.2466	17.5284	14.4423	13.4928	15.1572	17.1077	11.8761	12.0947	13.0155	12.4315	12.9661	18.0837	13.1423	13.0432	12.6548	11.3962	13.4747	13.4815	
unknown				MST					2000	NCBITAXON:http://purl.bioontology.org/ontology/NCBITAXON/3702	Arabidopsis thaliana										6.6224	5.6762	5.5073	7.9382	7.7161	6.2473	7.6126	8.3108	8.3125	9.2149	6.5714	7.8928	6.8937	7.5737	7.1023	7.6788	8.5237	5.8428	5.4698	3.4635	3.2585	6.301	7.8144	6.5695	3.3305	6.7211	7.2949	6.287	4.1094	6.8111	5.5204	4.9407	3.7242	6.5162	7.079	4.5039	6.9625	11.6284	9.0989	8.8216	9.0007	11.1369	11.0006	8.8049	10.8804	12.4538	11.2318	38.7029	8.6897	8.8705	
unknown				MST					2008	NCBITAXON:http://purl.bioontology.org/ontology/NCBITAXON/3702	Arabidopsis thaliana										78.681	63.112	47.9171	11.5253	83.4934	9.8918	91.2098	83.4153	63.1401	93.6276	33.5311	42.7211	50.7896	74.0176	10.7279	82.7764	79.4237	12.4721	11.7952	23.5069	17.5001	8.3666	71.1295	50.3074	6.6005	8.9688	40.2176	9.9011	26.9627	10.6801	8.8815	42.8361	32.5794	12.535	26.8195	18.3195	56.6328	45.815	82.8707	5.5958	5.983	61.3682	12.4905	32.1231	71.0451	10.7939	7.417	56.9532	21.6653	55.6757	
unknown				MST					2016	NCBITAXON:http://purl.bioontology.org/ontology/NCBITAXON/3702	Arabidopsis thaliana										3.8906	4.6757	4.6798	6.683	7.3921	6.6317	5.7749	3.0306	3.2808	7.2971	6.1785	5.4987	7.3962	5.2358	5.4047	4.3058	3.8526	4.8796	7.2099	4.759	5.5111	5.7476	3.249	5.4479	2.9736	7.8316	4.1673	4.2866	7.8067	4.2328	5.1303	2.6007	4.9149	5.0836	7.7732	3.3109	4.353	3.3666	6.0262	3.5521	6.1252	4.6918	4.2614	6.6378	5.6768	4.0708	3.8481	1.1229	7.2724	6.9275	
unknown				MST					2018	NCBITAXON:http://purl.bioontology.org/ontology/NCBITAXON/3702	Arabidopsis thaliana										2.375	1.3338	2.7594	1.8074	1.7965	1.3147	3.1455	3.1109	2.4594	2.6162	2.1693	1.8914	1.1975	1.8604	1.7243	2.8528	2.9468	1.9165	1.7178	0.64191	0.48251	1.6101	2.0984	2.0252	0.87082	1.3296	1.8466	1.2747	0.53785	1.3253	0.92321	1.3893	0.41313	1.2695	1.379	0.94985	1.1504	2.6576	1.6151	1.4739	1.2728	2.6113	2.2223	1.5927	2.1565	2.1417	1.1499	1.7207	1.7645	2.0897	
CHEBI:7896	C16H31O2-	CCCCCCCCCCCCCCCC(=O)[O-]	InChI=1S/C16H32O2/c1-2-3-4-5-6-7-8-9-10-11-12-13-14-15-16(17)18/h2-15H2,1H3,(H,17,18)/p-1	Hexadecanoate					2040	NCBITAXON:http://purl.bioontology.org/ontology/NCBITAXON/3702	Arabidopsis thaliana										520.1601	507.3867	488.0583	485.9779	486.4456	479.8481	484.1897	486.011	517.9531	483.1096	472.8128	498.3958	530.4956	515.0344	504.1163	486.7305	506.5976	484.5571	486.5118	504.5834	497.7796	457.8701	477.6597	474.1861	495.3585	500.7742	464.4356	503.6419	491.2033	456.6986	510.2788	482.3014	471.5437	492.8264	489.7339	485.0508	457.9142	480.5645	452.7635	488.9916	467.8647	490.2595	472.9984	468.406	538.0138	488.1484	475.6423	450.5083	481.0115	460.3608	
CHEBI:30023	C11H11O5-	COc1cc(cc(OC)c1O)C=CC([O-])=O	InChI=1S/C11H12O5/c1-15-8-5-7(3-4-10(12)13)6-9(16-2)11(8)14/h3-6,14H,1-2H3,(H,12,13)/p-1/b4-3+	Sinapate					2050	NCBITAXON:http://purl.bioontology.org/ontology/NCBITAXON/3702	Arabidopsis thaliana										195.3913	155.3017	230.495	235.4962	208.2645	193.1071	216.5616	210.1084	196.4095	222.5156	216.4962	198.5098	143.9603	159.6393	228.7927	199.2058	196.5144	191.1668	194.8574	119.2521	95.364	133.655	163.8569	178.2441	110.9964	167.5381	154.5714	170.5446	110.3257	174.6391	141.3314	143.0209	114.9494	160.4341	180.7721	121.9727	139.3679	186.928	158.2697	170.751	170.6407	183.4364	182.4916	160.4418	169.9739	165.3188	163.0366	209.2598	222.9284	157.1036	
unknown				MST					2057	NCBITAXON:http://purl.bioontology.org/ontology/NCBITAXON/3702	Arabidopsis thaliana										286.3028	123.6732	244.9506	306.3385	248.831	292.4486	293.2593	295.8931	182.758	290.2459	256.5544	318.0008	149.4805	196.8892	338.6166	385.4843	257.1813	228.9824	291.2083	144.684	118.6514	243.8465	189.1728	243.7468	174.5944	223.5756	254.5929	228.1463	117.0294	240.7105	173.7093	205.5632	97.0466	198.2235	237.8343	183.1571	229.4062	464.4078	412.874	342.2838	443.3812	354.909	405.3313	449.7751	324.255	349.7589	437.5108	380.7258	393.051	339.9574	
unknown				MST					2058	NCBITAXON:http://purl.bioontology.org/ontology/NCBITAXON/3702	Arabidopsis thaliana										425.5498	228.6006	111.9497	173.67	124.6929	184.2878	155.3895	423.2642	333.1294	135.792	127.19	479.8346	79.8936	343.9357	358.5033	492.6718	282.3045	295.821	136.9412	264.3412	107.1185	144.4235	321.6476	122.5467	310.6067	120.8094	147.1978	352.8523	65.2897	148.8035	323.9128	342.2749	52.9986	309.4624	121.3702	326.8938	115.8893	294.9702	155.5095	327.6229	170.2415	321.9257	482.9575	166.5255	276.5976	515.7102	547.8067	465.6691	180.7559	157.5804	
unknown				MST					2076	NCBITAXON:http://purl.bioontology.org/ontology/NCBITAXON/3702	Arabidopsis thaliana										24.1665	14.3329	12.5409	23.6438	33.5137	41.791	18.9263	34.7093	35.9197	21.3756	65.3159	21.6541	15.8496	55.4618	88.2753	68.5405	38.7107	29.3255	26.5172	33.9932	13.2762	35.1604	68.4674	42.8688	15.7508	29.2365	67.8861	57.26	7.3665	51.1178	59.0237	56.1504	5.5032	85.6957	31.8565	57.4947	72.4433	201.5755	100.094	134.7163	74.3457	86.4731	141.3832	123.3305	110.764	185.7245	181.2476	9.3456	83.1426	122.2992	
CHEBI:17268	C6H12O6	C1(C(C(C(C(C1O)O)O)O)O)O	InChI=1S/C6H12O6/c7-1-2(8)4(10)6(12)5(11)3(1)9/h1-12H	myo-Inositol					2085	NCBITAXON:http://purl.bioontology.org/ontology/NCBITAXON/3702	Arabidopsis thaliana										2187.031	1537.5909	1941.9481	1597.8798	1712.3925	1471.6127	1858.1093	2160.8608	2056.9523	1849.7436	1539.7646	2097.0181	1157.7142	1897.1495	1642.3825	2240.0837	2018.5972	1637.1604	1651.7012	1368.3139	966.0465	1383.6369	1925.7677	1752.7421	1317.6896	1424.238	1609.3285	1329.6439	1038.5001	1558.9777	1193.8541	1748.7002	962.5062	1661.4395	1501.4424	1465.2258	1300.2616	2012.256	1720.0175	1901.115	1555.0325	1880.4338	1940.2222	1816.1249	1923.2364	1991.8502	1905.2504	2181.5751	1741.1171	1678.925	
unknown				MST					2096	NCBITAXON:http://purl.bioontology.org/ontology/NCBITAXON/3702	Arabidopsis thaliana										108.4598	59.9616	109.2981	97.4554	96.6143	105.1036	112.0211	122.9677	103.0552	107.1796	97.6376	111.6239	59.6385	90.1862	111.3138	118.9267	101.0418	106.7754	107.862	67.4117	46.6075	92.8278	103.3362	105.0551	72.3151	102.8772	102.6772	109.5894	42.4548	98.4793	84.554	91.5576	43.2678	99.3223	94.2124	78.4056	84.0739	114.9252	87.6999	107.793	103.584	109.6514	120.8716	109.397	109.0008	116.0292	114.9312	100.2084	105.1179	96.9157	
unknown				MST					2119	NCBITAXON:http://purl.bioontology.org/ontology/NCBITAXON/3702	Arabidopsis thaliana										3.511	4.2067	9.0306	2.8566	2.7961	5.9722	6.5439	4.8447	5.0987	4.8857	4.7222	6.1336	4.381	6.9184	6.6352	8.6659	5.958	6.4517	6.1898	5.1325	2.369	3.975	4.8124	4.1776	4.3879	4.2105	4.7343	6.2316	1.8733	5.1908	4.5468	2.3939	1.6859	3.7508	3.9699	4.9539	3.3887	5.6196	3.2808	4.6119	5.1014	6.4697	6.2123	4.5334	4.1929	4.0692	6.081	4.9219	5.9876	4.277	
unknown				MST					2126	NCBITAXON:http://purl.bioontology.org/ontology/NCBITAXON/3702	Arabidopsis thaliana										8.1795	6.8285	14.0658	4.6305	6.4667	8.9763	11.6796	10.3302	8.8196	9.7758	8.552	10.9262	5.6278	14.303	12.1723	17.1537	12.1521	11.2708	10.1318	8.5933	3.4515	7.6096	10.8119	7.687	6.9963	8.2933	8.243	11.5088	3.2963	8.4784	7.3038	6.7858	2.24	8.5382	7.1499	7.7299	6.5571	12.228	6.9734	9.5979	9.5352	12.5481	13.7597	10.3988	9.4532	10.3494	12.867	8.9705	11.4055	8.0904	
unknown				MST					2155	NCBITAXON:http://purl.bioontology.org/ontology/NCBITAXON/3702	Arabidopsis thaliana										22.8381	10.6218	25.8881	19.703	23.3438	20.7231	24.7015	25.1705	23.5523	27.3009	22.6581	24.2369	15.0707	18.2321	26.593	27.0725	21.0636	22.7667	24.101	12.4721	9.9205	18.1158	20.7932	24.6059	14.0565	22.2405	20.7927	21.2977	9.934	21.3034	15.8095	17.2042	8.8962	20.0347	21.8991	15.8004	18.1778	29.3069	22.3298	28.2451	25.9226	27.1558	29.0456	32.5281	26.1109	27.4789	31.5838	22.2024	31.6952	23.1258	
unknown				MST					2161	NCBITAXON:http://purl.bioontology.org/ontology/NCBITAXON/3702	Arabidopsis thaliana										5.6581	3.9964	5.0551	18.6693	5.2828	12.7534	3.6305	3.2226	7.3975	4.7331	27.0967	13.9463	7.8855	14.0686	11.2574	16.068	5.6551	5.1055	2.7756	1.8506	1.9235	3.6125	3.7788	4.4853	4.1945	3.0811	6.1474	2.9671	2.5773	5.2861	5.1944	7.5476	9.2871	9.4349	3.0941	12.0129	2.6505	15.0387	6.5633	9.0572	5.9104	4.2843	4.3471	8.4826	4.9209	20.8236	5.8057	5.8017	11.9068	5.1955	
unknown				MST					2168	NCBITAXON:http://purl.bioontology.org/ontology/NCBITAXON/3702	Arabidopsis thaliana										14.39	5.0858	22.272	14.7056	19.1244	14.4911	21.2616	20.0959	20.0208	17.4845	11.7431	14.8475	7.2569	16.8886	19.2259	18.0604	21.7839	24.1774	26.9684	12.4584	6.5824	20.7978	25.2443	26.0269	9.389	23.9061	22.781	15.0419	10.5696	21.3482	13.1298	20.7492	7.5881	22.5248	20.6592	13.4327	19.4376	25.596	24.983	25.3977	20.9217	23.593	22.8974	32.247	22.7958	16.2715	25.0893	14.7953	24.3954	24.9471	
unknown				MST					2197	NCBITAXON:http://purl.bioontology.org/ontology/NCBITAXON/3702	Arabidopsis thaliana										21.0705	18.9223	15.8363	15.5065	14.389	15.8851	14.2935	20.0888	18.3959	14.7771	15.2975	24.9801	11.7753	20.4183	20.5016	22.3539	15.1527	18.2796	16.541	22.0469	16.4431	15.7022	17.4412	15.1078	22.5653	15.6961	14.8715	17.4494	12.2829	14.9271	19.4453	18.5473	12.3674	17.6252	15.1985	21.1248	13.1519	18.4268	13.9087	18.2505	16.0365	19.7627	26.9553	17.9432	18.9206	23.3741	25.6295	14.8806	18.7097	17.124	
CHEBI:30245	C18H31O2-	CCCCCC=C/CC=C/CCCCCCCC([O-])=O	InChI=1S/C18H32O2/c1-2-3-4-5-6-7-8-9-10-11-12-13-14-15-16-17-18(19)20/h6-7,9-10H,2-5,8,11-17H2,1H3,(H,19,20)/p-1/b7-6-,10-9-	Linoleate					2208	NCBITAXON:http://purl.bioontology.org/ontology/NCBITAXON/3702	Arabidopsis thaliana										43.7893	54.4336	38.3162	55.9851	50.4171	54.0515	39.7728	38.7954	36.2351	47.8748	43.3603	62.4245	58.2521	61.62	49.1446	52.4657	34.5921	46.2034	51.1516	62.6817	59.312	42.6174	39.8087	39.8228	53.2223	53.6658	33.3673	45.9183	52.4867	36.0578	52.4824	44.7571	40.8134	47.9221	50.7322	46.9969	32.991	30.7946	37.675	33.6659	42.1079	40.8834	48.4249	42.4085	46.1445	51.491	42.1386	8.3491	44.8267	40.4354	
CHEBI:32387|CHEBI:32391	C18H29O2-	CCC=C/CC=C/CC=C/CCCCCCCC([O-])=O|CCCCCC=C/CC=C/CC=C/CCCCC([O-])=O	InChI=1S/C18H30O2/c1-2-3-4-5-6-7-8-9-10-11-12-13-14-15-16-17-18(19)20/h3-4,6-7,9-10H,2,5,8,11-17H2,1H3,(H,19,20)/p-1/b4-3-,7-6-,10-9-|InChI=1S/C18H30O2/c1-2-3-4-5-6-7-8-9-10-11-12-13-14-15-16-17-18(19)20/h6-7,9-10,12-13H,2-5,8,11,14-17H2,1H3,(H,19,20)/p-1/b7-6-,10-9-,13-12-	Linolenate					2216	NCBITAXON:http://purl.bioontology.org/ontology/NCBITAXON/3702	Arabidopsis thaliana										81.9216	82.5457	53.3987	96.9702	99.5126	96.5173	71.9587	50.4374	47.8568	93.6097	78.8739	120.2201	101.6858	89.7253	81.418	82.6789	50.4275	73.7867	94.5461	91.5263	85.8822	78.5319	54.9826	63.1017	84.2499	99.2229	50.9735	71.8054	100.4451	52.1722	80.0009	64.3798	62.7441	77.3963	99.8003	59.2362	51.7635	45.8649	72.582	46.9812	77.7945	65.0497	61.5039	83.4281	82.9485	86.0417	67.6688	4.5944	86.2304	73.0594	
CHEBI:25629	C18H35O2-	CCCCCCCCCCCCCCCCCC([O-])=O	InChI=1S/C18H36O2/c1-2-3-4-5-6-7-8-9-10-11-12-13-14-15-16-17-18(19)20/h2-17H2,1H3,(H,19,20)/p-1	Stearate					2237	NCBITAXON:http://purl.bioontology.org/ontology/NCBITAXON/3702	Arabidopsis thaliana										20.8277	17.9758	13.3119	9.9041	10.3701	11.3323	6.6156	7.3834	13.7776	9.7053	10.5144	8.6404	14.3081	12.4292	12.4128	6.7671	12.1626	7.8519	9.9511	16.2169	20.8211	10.5105	7.9996	8.6635	12.0123	10.3649	12.7189	11.7457	13.1994	10.1042	13.5365	12.1537	13.2742	10.9977	11.5972	10.62	8.478	13.2562	12.4198	11.3898	10.2725	10.6336	11.7254	11.2659	22.8534	12.4968	12.0958	29.0583	11.9725	11.8827	
CHEBI:30023	C11H11O5-	COc1cc(cc(OC)c1O)C=CC([O-])=O	InChI=1S/C11H12O5/c1-15-8-5-7(3-4-10(12)13)6-9(16-2)11(8)14/h3-6,14H,1-2H3,(H,12,13)/p-1/b4-3+	Sinapate					2239	NCBITAXON:http://purl.bioontology.org/ontology/NCBITAXON/3702	Arabidopsis thaliana										211.276	133.2129	169.9352	197.5088	160.4666	163.461	181.4873	207.5763	200.8111	175.311	169.4258	227.9435	99.596	151.6246	228.0315	219.1586	212.8173	176.8781	141.999	114.4683	75.9142	107.351	151.1283	138.7077	119.4366	137.3123	145.5899	188.1592	64.0958	154.3951	125.4291	127.7791	71.775	154.7605	151.3257	121.0525	103.9823	169.463	129.4289	189.3205	147.8533	186.997	224.7157	142.4478	163.6481	191.2546	167.0786	198.0592	195.7111	133.5471	
CHEBI:16610	C7H19N3	C(CCNCCCN)CN	InChI=1S/C7H19N3/c8-4-1-2-6-10-7-3-5-9/h10H,1-9H2	Spermidine					2252	NCBITAXON:http://purl.bioontology.org/ontology/NCBITAXON/3702	Arabidopsis thaliana										17.9159	17.3426	19.8569	23.6267	24.35	22.9758	17.2234	21.4683	19.7823	22.9183	24.421	23.02	13.7658	24.8788	22.8013	28.7715	23.1773	19.8091	23.5005	22.1823	17.1713	30.2562	23.731	21.7124	18.2441	24.4126	22.6431	22.0689	14.4367	27.6966	28.0909	26.1777	13.4732	23.3972	24.1406	28.501	24.2921	24.2623	19.7077	23.507	16.1401	26.7876	32.9296	24.4952	24.7867	22.0899	29.8133	8.5202	21.6768	27.8409	
unknown				MST					2260	NCBITAXON:http://purl.bioontology.org/ontology/NCBITAXON/3702	Arabidopsis thaliana										20.9762	11.8912	18.7625	17.4484	15.0176	15.6296	18.7661	22.5181	17.3593	17.4315	14.8882	20.7134	8.2118	15.7638	18.5531	20.9433	18.9505	18.0901	15.2112	12.9256	7.8431	13.9617	17.4451	14.2983	12.8171	12.9542	14.4567	16.9398	5.8447	13.9304	12.6554	15.2912	6.748	15.8788	13.881	13.8125	11.5399	14.0586	10.5383	14.0714	11.8731	12.2606	15.9472	11.0058	10.7943	16.7403	13.9293	11.1434	12.9325	9.7483	
CHEBI:88003	C6H13O9P			Fructose 6-phosphate					2285	NCBITAXON:http://purl.bioontology.org/ontology/NCBITAXON/3702	Arabidopsis thaliana										24.7677	15.1008	25.0255	21.4203	19.8584	25.5332	21.4508	26.4528	21.9279	21.3883	20.1375	24.413	10.2344	21.583	27.0039	23.6375	23.934	22.069	18.9799	17.0055	14.5871	20.774	23.7785	20.6024	16.6045	18.5983	19.951	22.6369	12.5881	21.1949	19.7255	21.4472	10.2187	25.3822	19.4358	20.5545	20.7896	52.6513	32.7599	48.7871	40.326	47.0206	57.3057	42.2058	52.6988	55.0968	49.334	31.6295	40.2129	37.8559	
CHEBI:616988	C6H13O9P			Mannose-6-phosphate					2288	NCBITAXON:http://purl.bioontology.org/ontology/NCBITAXON/3702	Arabidopsis thaliana										25.3549	20.935	45.0183	42.1808	43.2937	36.9577	43.5744	40.4925	33.5797	43.3527	38.0455	32.1891	40.5986	34.3296	34.9604	33.1022	35.2826	36.6803	47.285	24.441	24.8747	41.0896	40.1298	53.0501	23.308	42.0621	36.7535	28.7748	35.8031	43.7653	32.9731	30.2637	29.512	36.8191	46.1051	29.9225	38.8603	31.3006	31.4427	24.4229	30.6305	24.471	22.2122	40.6471	26.2633	17.5465	18.3659	11.1843	31.2126	30.7988	
CHEBI:14314	C6H13O9P			Glucose-6-phosphate					2299	NCBITAXON:http://purl.bioontology.org/ontology/NCBITAXON/3702	Arabidopsis thaliana										84.8853	51.3339	80.6421	71.7728	74.4566	81.8344	81.4223	91.9464	75.5555	68.852	62.0039	76.6054	39.0477	78.0652	78.2425	77.4786	75.2552	66.4387	64.9756	58.4938	49.5565	69.9294	90.026	86.9447	55.2509	66.5426	65.1677	65.9243	51.45	65.9035	57.4506	74.937	36.1096	81.7841	59.4635	63.9816	82.886	123.6892	98.1712	113.1898	114.4036	96.1877	103.9164	124.143	115.3635	130.9771	102.7126	84.4977	84.7349	94.4354	
CHEBI:14314	C6H13O9P			Glucose-6-phosphate					2322	NCBITAXON:http://purl.bioontology.org/ontology/NCBITAXON/3702	Arabidopsis thaliana										9.6434	4.9664	11.408	9.2982	10.9365	10.3397	11.7194	11.2251	8.7229	9.6843	8.3115	8.2909	4.5656	7.8944	9.7254	8.5082	9.5447	8.7597	9.0649	6.5787	7.4587	9.3595	11.1872	12.6226	6.1785	9.4055	9.408	8.366	7.1733	8.7118	7.1691	8.9949	4.6407	11.1676	8.4704	7.2119	12.7865	17.6424	14.5652	15.5417	17.5878	13.7979	14.2944	18.0468	16.8004	16.8975	13.0892	10.955	12.323	14.1933	
unknown				MST					2335	NCBITAXON:http://purl.bioontology.org/ontology/NCBITAXON/3702	Arabidopsis thaliana										2.9007	2.3496	2.976	3.3878	2.8788	3.434	2.8914	3.4677	3.4095	3.2089	2.8433	2.6214	1.7107	2.7243	3.5344	3.5447	2.9019	2.7378	2.9691	2.2068	1.8757	2.4472	2.691	2.6461	2.1026	2.6489	2.8406	2.7407	1.6465	3.0132	2.3729	2.5962	1.311	2.8422	2.5734	2.7055	2.0972	4.0271	2.9597	4.1258	3.348	3.5655	4.1933	3.8113	3.2754	4.0279	4.0239	3.0482	3.9325	3.368	
unknown				MST					2354	NCBITAXON:http://purl.bioontology.org/ontology/NCBITAXON/3702	Arabidopsis thaliana										22.6879	15.7599	25.7038	21.3259	23.4297	21.8475	25.564	26.2514	22.2955	26.101	21.6074	24.2613	16.324	20.2886	22.9432	27.6459	24.3754	23.6268	23.9503	17.1806	13.5866	20.0785	23.0512	25.9902	17.3404	23.5405	22.9017	21.963	12.5118	21.7515	18.3383	20.9454	12.3697	21.5058	23.3483	17.5258	19.8744	25.2501	22.7277	23.508	25.1509	26.3798	26.1702	27.1146	26.3322	24.3829	24.574	23.4914	26.4719	23.5758	
unknown				MST					2376	NCBITAXON:http://purl.bioontology.org/ontology/NCBITAXON/3702	Arabidopsis thaliana										3.0894	5.3586	23.8517	4.2676	4.0822	3.232	20.7687	5.7596	3.997	6.4894	4.1109	10.0618	4.092	3.7543	11.7106	3.2636	8.8975	3.3499	3.4633	2.3479	2.9553	2.7074	3.059	3.6175	4.2735	3.5232	4.0487	3.2305	1.906	3.3617	3.2256	2.5667	1.9927	2.5982	2.9818	2.7535	2.2095	5.1129	2.9599	4.7356	3.936	16.2999	9.6601	8.6022	6.1731	5.2523	6.7872	5.6246	13.1601	4.2301	
unknown				PR-MST					2383	NCBITAXON:http://purl.bioontology.org/ontology/NCBITAXON/3702	Arabidopsis thaliana										4.4282	6.5013	14.1447	4.826	4.4295	4.4846	12.3187	6.3969	4.5477	5.7332	4.809	10.5767	2.6561	4.2488	10.1473	6.1908	7.9877	4.8715	4.6814	3.8751	2.9032	3.2064	4.443	4.1921	4.9929	4.1954	4.0829	3.946	2.0473	4.3154	3.5066	4.0654	1.669	4.1177	3.9019	4.4356	3.127	5.3995	3.3635	6.1608	4.7315	11.0834	10.0117	8.8796	6.1558	6.2538	8.504	8.2335	9.6956	4.6279	
CHEBI:18297	C6H13O9P	O[C@H]1[C@H](O)[C@@H](O)[C@H](OP(O)(O)=O)[C@H](O)[C@@H]1O	InChI=1S/C6H13O9P/c7-1-2(8)4(10)6(5(11)3(1)9)15-16(12,13)14/h1-11H,(H2,12,13,14)/t1-,2-,3+,4-,5-,6-/m1/s1	Inositol-1-phosphate					2404	NCBITAXON:http://purl.bioontology.org/ontology/NCBITAXON/3702	Arabidopsis thaliana										38.1271	43.2158	48.5296	47.8646	44.5744	47.955	47.0576	50.5743	47.4668	49.3011	43.6844	33.5186	35.614	55.1806	52.6857	49.2447	43.336	47.7257	49.7573	44.371	43.4554	42.0577	43.9406	44.0153	39.5215	49.2003	42.5923	44.9939	41.2032	42.3546	43.6834	37.2765	37.3819	46.0451	46.8898	42.5771	38.1111	44.008	40.5256	44.7469	46.7063	46.6059	51.0715	47.0773	44.4557	42.4507	47.6996	22.4751	49.6005	42.306	
unknown				sugar disaccharide					2426	NCBITAXON:http://purl.bioontology.org/ontology/NCBITAXON/3702	Arabidopsis thaliana										5.0586	2.4281	3.4206	4.2186	3.3551	3.7428	3.7771	5.4319	3.1861	4.1422	3.1508	5.6667	1.6987	3.4441	4.405	5.83	4.1604	3.7861	3.5642	2.7921	1.5286	3.0873	3.4383	3.2075	3.5824	3.2038	3.477	3.8001	1.3996	3.8413	3.0581	4.3375	1.3386	3.4605	3.6014	3.9831	3.286	6.0827	5.144	5.6837	5.5477	5.5842	6.4033	5.5436	5.1009	6.0974	6.1082	7.385	5.0754	4.5396	
unknown				MST					2463	NCBITAXON:http://purl.bioontology.org/ontology/NCBITAXON/3702	Arabidopsis thaliana										44.9208	22.4369	36.1674	34.9377	32.2953	31.2905	34.474	45.8846	36.0335	36.1331	32.1325	41.8762	17.7453	32.8653	39.6569	42.1839	35.0661	31.6374	31.9573	24.459	15.8415	25.3642	31.2541	35.1099	25.6536	26.9516	31.5537	32.6788	15.1921	30.0807	28.3166	34.2414	14.1019	33.0982	29.7689	30.2341	27.6539	34.5336	26.9288	36.1892	27.4387	33.7611	37.838	31.7415	34.1824	44.2274	38.9337	33.719	35.76	31.0794	
unknown				sugar disaccharide					2477	NCBITAXON:http://purl.bioontology.org/ontology/NCBITAXON/3702	Arabidopsis thaliana										15.7805	13.3262	9.4974	13.6268	7.3323	13.8795	8.1172	14.1725	13.6177	7.3942	10.1096	15.9623	0.76233	17.0835	11.0116	12.5439	14.4692	12.4157	8.676	12.8475	9.3764	11.5161	15.505	9.9294	12.6669	9.7486	11.0842	12.7918	8.3917	13.3569	12.6132	14.7437	9.5203	11.9624	9.3714	12.7751	9.152	12.719	5.8764	11.5729	6.2898	6.9565	9.4376	6.0041	9.0561	14.1422	12.4618	13.935	9.2306	7.6465	
unknown				sugar disaccharide					2511	NCBITAXON:http://purl.bioontology.org/ontology/NCBITAXON/3702	Arabidopsis thaliana										15.0631	8.9844	15.6244	14.0397	11.9466	14.4305	14.7437	16.8394	11.623	13.3823	12.5538	16.6045	8.2228	11.746	16.3746	14.523	14.5544	14.6087	14.63	11.4036	7.3523	11.4439	11.7777	13.2731	11.3269	13.7347	12.9095	14.5233	6.0382	12.5509	12.0732	12.9515	5.8262	13.9462	11.6329	11.8351	12.0296	12.8919	11.0022	12.0256	13.0043	13.4996	15.2361	11.4396	13.9349	16.8511	13.4464	12.337	12.4803	12.8	
unknown				sugar disaccharide					2522	NCBITAXON:http://purl.bioontology.org/ontology/NCBITAXON/3702	Arabidopsis thaliana										9.5758	7.3858	11.8434	10.1498	9.3835	10.6176	9.8607	10.4352	9.6625	11.5723	8.1134	11.2456	8.037	9.0008	11.6431	10.2248	9.1726	9.627	10.9144	7.3701	6.2932	8.1544	8.206	9.2286	7.3329	9.8053	8.4085	8.1942	6.1762	9.5277	8.4096	7.4494	5.6668	7.8699	9.4801	8.753	6.7823	9.8067	8.5117	10.7406	9.3966	9.0238	10.532	11.2067	8.9042	9.7581	10.8322	10.3349	11.2283	8.8459	
CHEBI:25520	C12H21N3O6	C1CN(C1C(=O)O)CCC(C(=O)O)NCCC(C(=O)O)N	InChI=1S/C12H21N3O6/c13-7(10(16)17)1-4-14-8(11(18)19)2-5-15-6-3-9(15)12(20)21/h7-9,14H,1-6,13H2,(H,16,17)(H,18,19)(H,20,21)	Nicotianamine					2568	NCBITAXON:http://purl.bioontology.org/ontology/NCBITAXON/3702	Arabidopsis thaliana										2.7529	4.7593	5.0156	4.2052	5.0296	5.3827	4.5676	4.1385	4.7359	5.6476	3.6865	2.5373	3.3183	6.2556	3.2281	5.7622	6.1138	6.4685	4.2767	7.0896	5.6145	4.7948	7.706	6.453	5.9029	7.0157	4.5129	6.2421	4.4437	6.4127	6.8319	6.0891	4.4622	7.1151	7.0885	7.3993	4.3823	3.3476	3.6787	5.6139	6.1949	5.7782	4.702	6.3161	8.9356	5.9015	4.5583	0.45121	8.2045	4.7766	
unknown				sugar disaccharide					2609	NCBITAXON:http://purl.bioontology.org/ontology/NCBITAXON/3702	Arabidopsis thaliana										26.894	17.0449	23.006	24.5173	19.7294	26.0935	20.424	28.4529	24.072	21.4451	20.0856	27.6872	10.664	21.5676	26.1633	27.8576	23.6811	24.152	24.1139	19.7582	13.7464	19.6113	22.9106	23.5786	22.4231	22.8102	21.0432	26.3362	12.4685	23.3064	21.9968	23.6936	11.7371	23.2312	20.5505	22.6618	19.4428	22.2468	16.2967	23.5601	19.4844	21.0587	24.6641	19.8337	22.2782	28.9286	25.5733	20.8677	22.4076	18.9571	
CHEBI:17992	C12H22O11	OC[C@H]1O[C@H](O[C@]2(CO)O[C@H](CO)[C@@H](O)[C@@H]2O)[C@H](O)[C@@H](O)[C@@H]1O	InChI=1S/C12H22O11/c13-1-4-6(16)8(18)9(19)11(21-4)23-12(3-15)10(20)7(17)5(2-14)22-12/h4-11,13-20H,1-3H2/t4-,5-,6-,7-,8+,9-,10+,11-,12+/m1/s1	Sucrose					2619	NCBITAXON:http://purl.bioontology.org/ontology/NCBITAXON/3702	Arabidopsis thaliana										3645.0457	3699.22938	2320.11249	1717.5238	2578.69689	1456.1874	2336.8414	3323.2022	2350.2311	2739.636	1863.614	2687.5308	1816.94722	3314.9314	2031.9381	2842.9313	2629.9088	1839.1654	1712.1522	1822.0423	1044.938692	1697.51118	2265.8188	2175.8958	1435.51514	1528.37069	1917.4045	1649.9803	1171.2049	1676.3222	1463.81616	2719.3448	1520.039906	1935.1332	1748.09476	1645.4018	1977.8826	2752.2973	2138.45313	2468.5588	2281.0752	2868.9479	2402.4378	2714.7958	3061.1052	3271.5851	2538.2381	4084.4765	2520.3872	2545.2051	
unknown				PR-MST					2725	NCBITAXON:http://purl.bioontology.org/ontology/NCBITAXON/3702	Arabidopsis thaliana										48.4462	21.5877	12.7204	14.6762	11.573	13.1377	14.0059	28.878	13.5885	9.9703	11.0985	38.88	7.4085	22.821	16.2319	29.4291	14.6274	16.6828	10.0965	15.5471	5.5501	8.2593	15.5874	9.1142	21.0198	7.4895	7.9799	16.3589	4.3602	8.1362	10.6376	24.1766	5.7443	12.7895	9.0398	15.2169	6.0384	9.5013	7.3498	11.4165	7.6169	10.3804	14.3715	6.4548	10.5438	25.1283	17.7347	3.1934	12.1726	6.78	
CHEBI:16551	C12H22O11	C(C1C(C(C(C(O1)OC2C(C(C(C(O2)CO)O)O)O)O)O)O)O	InChI=1S/C12H22O11/c13-1-3-5(15)7(17)9(19)11(21-3)23-12-10(20)8(18)6(16)4(2-14)22-12/h3-20H,1-2H2/t3-,4-,5-,6-,7+,8+,9-,10-,11-,12-/m1/s1	Trehalose					2728	NCBITAXON:http://purl.bioontology.org/ontology/NCBITAXON/3702	Arabidopsis thaliana										8.1088	6.2504	13.3654	9.4519	9.2571	7.8844	10.9036	11.1873	12.5364	12.3317	9.5917	9.3637	5.1088	7.8066	11.8983	12.8956	11.8721	11.4137	12.319	6.1296	4.8871	8.0933	10.1726	10.5114	6.3943	9.9369	9.5904	9.0007	5.045	9.7363	7.4698	7.7502	4.7203	8.7984	8.8764	7.141	6.6165	15.0491	8.6243	10.5402	11.4178	14.0785	14.332	12.7795	13.4402	11.8369	12.7286	12.5327	14.18	10.4067	
unknown				sugar disaccharide					2730	NCBITAXON:http://purl.bioontology.org/ontology/NCBITAXON/3702	Arabidopsis thaliana										5.9945	6.3823	5.4186	7.7968	5.2385	7.0257	6.8757	6.5357	4.8574	6.6875	4.3574	6.182	3.9681	7.6907	5.2313	8.0649	6.2937	3.9751	4.2523	9.4307	5.9036	4.21	5.7536	4.8334	8.8544	2.6534	3.62	4.147	2.1174	5.4057	7.9344	6.8538	4.4932	4.0605	3.821	12.8692	3.564	5.7471	6.7688	4.1771	3.6282	7.3958	6.8669	6.0647	6.865	7.1742	4.1804	7.2643	4.2586	5.8461	
unknown				sugar disaccharide					2742	NCBITAXON:http://purl.bioontology.org/ontology/NCBITAXON/3702	Arabidopsis thaliana										9.5226	2.6394	6.4638	3.7744	4.8309	3.977	5.0704	7.2942	5.6633	3.9663	5.6507	10.5039	2.9254	4.0432	6.6515	8.2729	4.6535	6.0496	5.0592	3.4051	1.7481	4.4203	4.5509	5.3744	3.3478	5.4572	5.1336	5.1968	2.768	3.125	3.5245	4.1128	1.0397	6.0134	4.2931	2.8444	4.5757	5.024	3.3033	5.1671	5.32	5.3341	6.1109	4.497	6.0176	5.2782	6.9017	5.244	6.6822	4.6452	
unknown				MST					2746	NCBITAXON:http://purl.bioontology.org/ontology/NCBITAXON/3702	Arabidopsis thaliana										16.5342	9.5201	11.0402	11.8427	10.024	13.1885	11.1492	16.2788	13.1985	11.0396	9.7471	22.1896	6.3192	14.0312	15.7541	15.7573	13.2423	13.2139	12.165	10.9303	7.2226	10.3052	11.9337	10.4829	14.4691	11.3767	11.366	13.6031	5.3956	11.6615	13.3608	15.0344	5.3582	12.3783	10.1817	14.2264	9.4076	13.0087	7.7707	13.5771	10.4796	11.5399	15.1427	10.4403	12.2073	18.8055	16.468	17.1522	11.4918	9.7392	
unknown				sugar disaccharide					2752	NCBITAXON:http://purl.bioontology.org/ontology/NCBITAXON/3702	Arabidopsis thaliana										4.4569	2.5457	3.0922	2.7422	2.792	2.4177	2.9974	3.855	3.4871	2.7779	2.5388	5.0382	2.1768	3.1679	2.5793	4.3337	3.5895	3.0983	2.715	2.3671	1.7204	2.6773	2.6294	3.4254	2.0934	2.3191	2.4334	2.814	2.1027	2.6298	2.051	3.3829	1.5894	0.028855	2.6671	2.4902	2.0097	3.9208	2.5792	3.1154	2.7168	3.5379	4.0468	3.1798	3.6933	3.7941	5.0028	4.0937	3.5798	3.0948	
unknown				polyol					2764	NCBITAXON:http://purl.bioontology.org/ontology/NCBITAXON/3702	Arabidopsis thaliana										4.845	2.6584	2.2181	0.91778	3.1416	0.88531	2.5736	4.0769	2.6878	3.4573	1.5621	2.6149	2.3484	3.9453	1.0691	4.3131	4.0339	0.67045	1.2399	0.89602	1.2088	0.7946	2.2631	2.2324	0.62848	0.83071	1.4168	0.913	1.3706	0.93771	0.38703	2.2163	1.7833	1.3412	1.6024	0.85761	1.9562	3.0009	4.4998	2.4969	2.9224	4.6485	3.4098	3.1581	5.5914	4.4024	3.3902	4.1316	2.8415	4.024	
unknown				MST					2772	NCBITAXON:http://purl.bioontology.org/ontology/NCBITAXON/3702	Arabidopsis thaliana										5.0006	3.2842	5.5907	4.0398	4.4585	5.503	5.1309	5.9652	5.6817	4.1531	3.9315	6.1428	2.509	4.5368	7.076	5.2644	4.9837	8.5458	8.0918	5.5832	2.9908	5.3381	6.4494	6.2811	5.1446	7.4563	5.8951	5.7177	3.4017	6.5217	5.2522	5.4788	2.3308	6.0573	5.5445	5.1552	4.7631	4.7694	3.7172	6.3391	4.9814	4.3284	6.938	5.95	4.3479	5.0177	7.0083	4.9958	5.8256	4.3848	
CHEBI:31014	C24H47O2-	CCCCCCCCCCCCCCCCCCCCCCCC([O-])=O	InChI=1S/C24H48O2/c1-2-3-4-5-6-7-8-9-10-11-12-13-14-15-16-17-18-19-20-21-22-23-24(25)26/h2-23H2,1H3,(H,25,26)/p-1	Tetracosanoate					2830	NCBITAXON:http://purl.bioontology.org/ontology/NCBITAXON/3702	Arabidopsis thaliana										2.2122	2.6748	1.6844	2.0466	1.7357	2.2928	1.4471	1.9729	1.9621	1.3753	1.5832	2.4421	2.1838	2.4502	2.004	1.9143	1.9361	2.1961	1.735	2.5246	2.5673	1.9918	2.0325	1.4816	2.8706	1.7803	1.5273	2.0642	2.0087	2.0416	2.4287	2.1321	1.8404	2.0316	1.6935	2.4547	1.4245	1.9777	1.75	2.1262	1.3839	1.9419	2.1975	1.8062	2.1331	2.5651	2.0696	2.2416	2.0776	1.92	
unknown				sugar disaccharide					2903	NCBITAXON:http://purl.bioontology.org/ontology/NCBITAXON/3702	Arabidopsis thaliana										8.4394	6.9557	13.4813	14.342	12.8999	11.659	10.4028	10.9392	11.6132	14.6287	10.5508	9.2664	6.6321	10.3935	13.8932	9.0435	14.7241	10.865	14.8311	9.1242	7.4754	11.3736	9.3971	12.4374	8.7154	13.6005	12.2663	9.6765	7.8386	13.644	12.0536	9.8077	8.2928	9.6855	16.4456	11.4747	11.3702	15.0181	15.5406	12.9982	17.0923	13.8871	12.5418	15.452	13.4653	10.5857	10.519	10.2942	15.0233	14.7561	
unknown				MST					2932	NCBITAXON:http://purl.bioontology.org/ontology/NCBITAXON/3702	Arabidopsis thaliana										61.2429	22.6351	16.4993	19.2084	14.5303	17.2309	19.5462	35.6683	22.4862	15.2266	14.2158	49.7094	8.686	26.3847	24.8541	40.6521	25.3952	22.8842	13.8587	20.2773	8.3953	11.4917	19.6157	12.4914	27.0887	10.6225	13.1849	23.6099	5.0673	12.7797	16.1855	27.2232	6.0642	17.3373	12.2835	22.8282	7.7395	19.2091	12.8636	21.3885	13.7426	20.442	27.9843	13.6712	18.38	36.4583	27.3796	3.6868	20.8736	13.3791	
CHEBI:17505	C12H22O11	C(C1C(C(C(C(O1)OC2C(C(C(C(C2O)O)O)O)O)O)O)O)O	InChI=1S/C12H22O11/c13-1-2-3(14)4(15)10(21)12(22-2)23-11-8(19)6(17)5(16)7(18)9(11)20/h2-21H,1H2/t2-,3+,4+,5?,6-,7+,8+,9+,10-,11?,12-/m1/s1	Galactinol					2979	NCBITAXON:http://purl.bioontology.org/ontology/NCBITAXON/3702	Arabidopsis thaliana										54.7803	30.69055	49.9192	43.5177	37.422	41.1415	42.4774	51.0608	44.9893	42.9524	38.272	50.3424	27.6534	42.611	47.767	58.4104	46.3305	42.8041	42.938	29.39911	19.8056	31.9205	39.2149	40.064	31.3806	36.0309	36.0466	38.3822	19.1476	37.3955	32.9944	39.8363	18.44696	39.6958	35.0805	34.1798	30.3255	42.2778	34.2659	42.9863	37.2804	42.1655	44.7614	39.928	40.2459	44.8988	43.2583	40.0057	44.1227	35.3592	
CHEBI:35366				Fatty acid					3028	NCBITAXON:http://purl.bioontology.org/ontology/NCBITAXON/3702	Arabidopsis thaliana										5.5752	5.7413	3.0008	3.7249	2.7557	3.8454	2.4739	4.3239	4.6818	2.2869	3.027	5.8214	2.9653	5.8571	4.0765	4.2448	3.8073	4.3877	3.0297	5.6908	4.1153	3.0855	4.0231	2.6589	6.4571	3.0591	2.806	3.9704	3.4574	3.8447	4.3745	4.7274	3.5283	3.6738	2.7535	6.0955	2.6085	3.9885	2.4262	4.3474	2.7393	3.3815	4.3647	2.8429	3.2647	5.3158	4.8665	5.752	3.5839	3.1512	
CHEBI:16027	C10H14N5O7P	C1=NC2=C(C(=N1)N)N=CN2C3C(C(C(O3)COP(=O)(O)O)O)O	InChI=1S/C10H14N5O7P/c11-8-5-9(13-2-12-8)15(3-14-5)10-7(17)6(16)4(22-10)1-21-23(18,19)20/h2-4,6-7,10,16-17H,1H2,(H2,11,12,13)(H2,18,19,20)/t4-,6-,7-,10-/m1/s1	Adenosine-5-monophosphate					3049	NCBITAXON:http://purl.bioontology.org/ontology/NCBITAXON/3702	Arabidopsis thaliana										5.3713	2.54	2.4813	3.2865	2.1859	3.3923	2.3002	4.0845	3.1794	2.3936	2.2067	6.3979	1.2523	4.0703	3.9714	4.1611	2.8595	3.9162	3.0081	3.9578	2.1325	3.4293	3.7295	2.3187	3.7282	2.6236	2.5223	3.6524	1.5267	2.8651	3.8459	4.5581	1.3221	3.6498	2.6315	4.5562	2.3032	3.1601	1.7706	3.3925	2.2499	2.7924	4	2.2989	2.7648	5.8582	5.0738	2.6405	3.0091	2.4977	
unknown				MST					3089	NCBITAXON:http://purl.bioontology.org/ontology/NCBITAXON/3702	Arabidopsis thaliana										24.0337	21.062	25.1068	14.7532	21.4905	10.8169	20.1291	17.4532	23.0256	24.044	17.3268	22.3235	15.2809	24.4523	13.0906	21.0042	19.1636	15.291	14.5227	12.9508	10.1867	9.5916	15.8384	18.8112	6.5452	11.2391	16.3927	8.4347	9.3297	11.8654	7.7837	12.773	10.4006	14.8817	19.1573	11.7581	9.775	7.4977	7.9542	6.4909	6.1715	6.2232	5.2162	7.1641	7.533	6.3751	5.6181	3.5707	7.6274	8.6137	
unknown				MST					3113	NCBITAXON:http://purl.bioontology.org/ontology/NCBITAXON/3702	Arabidopsis thaliana										7.4168	6.0327	12.1438	11.6076	11.1634	9.6802	8.1863	9.2097	10.4163	12.3788	10.0682	9.3274	3.5117	10.406	11.0755	7.9937	12.3578	9.8675	10.6968	6.727	4.7047	8.6313	6.1746	9.8368	6.7271	11.3645	8.9338	7.4558	6.6633	12.8594	10.1479	6.0864	7.1674	7.171	13.282	9.7041	7.6533	8.8008	7.6836	7.5353	8.5981	7.2552	7.2846	8.574	9.2582	5.1667	5.7692	5.2909	10.4251	7.6965	
CHEBI:22470	C29H50O2			alpha-Tocopherol					3151	NCBITAXON:http://purl.bioontology.org/ontology/NCBITAXON/3702	Arabidopsis thaliana										0.87627	0.85416	0.45249	0.57234	0.32462	0.69104	0.58504	0.7932	1.2538	0.45681	0.44461	0.76399	0.37096	1.0215	0.84647	1.1568	0.88886	1.0378	0.60507	1.3323	1.061	0.53782	1.135	0.84904	1.9458	0.76089	0.98545	1.3404	0.82884	1.0561	1.1325	1.2119	0.88281	1.1902	0.82557	1.3605	0.84549	1.1799	0.85533	1.2805	1.0328	1.097	1.0845	1.0822	1.3513	2.0855	1.4168	1.6552	1.5827	0.86267	
CHEBI:16113	C27H46O	CC(C)CCCC(C)C1CCC2C1(CCC3C2CC=C4C3(CCC(C4)O)C)C	InChI=1S/C27H46O/c1-18(2)7-6-8-19(3)23-11-12-24-22-10-9-20-17-21(28)13-15-26(20,4)25(22)14-16-27(23,24)5/h9,18-19,21-25,28H,6-8,10-17H2,1-5H3/t19-,21+,22+,23-,24+,25+,26+,27-/m1/s1	Cholesterol					3182	NCBITAXON:http://purl.bioontology.org/ontology/NCBITAXON/3702	Arabidopsis thaliana										136.1818	126.46848	77.884	90.5921	72.2154	95.621	78.4414	116.322	103.6031	73.8743	75.3134	151.4172	52.9824	123.6085	104.3146	113.7359	99.2675	106.794	81.9092	140.6886	103.9477	86.0503	109.6715	81.6071	155.3027	84.1188	89.2605	109.4264	83.56298	93.1533	115.6806	137.2685	86.25472	102.4833	80.0551	139.1952	85.0878	92.4099	67.6564	101.4788	75.96477	88.7139	103.1337	72.9454	90.409	128.5406	118.287	142.8059	85.5376	83.0331	
CHEBI:28623	C28H48O	[H][C@@]1(CC[C@@]2([H])[C@]3([H])CC=C4C[C@@H](O)CC[C@]4(C)[C@@]3([H])CC[C@]12C)[C@H](C)CC[C@@H](C)C(C)C	InChI=1S/C28H48O/c1-18(2)19(3)7-8-20(4)24-11-12-25-23-10-9-21-17-22(29)13-15-27(21,5)26(23)14-16-28(24,25)6/h9,18-20,22-26,29H,7-8,10-17H2,1-6H3/t19-,20-,22+,23+,24-,25+,26+,27+,28-/m1/s1	Campesterol					3293	NCBITAXON:http://purl.bioontology.org/ontology/NCBITAXON/3702	Arabidopsis thaliana										30.4531	27.624	19.0927	21.3684	16.4242	20.7665	17.7294	24.4023	26.5528	18.2072	16.9015	31.813	15.5611	31.1976	24.2537	26.5299	21.7828	22.4547	16.8455	33.1493	24.776	16.8334	24.0078	19.2402	37.7306	17.4938	19.0417	22.894	18.2304	21.253	25.2249	27.1155	18.7506	23.381	16.958	28.7477	16.0754	21.7763	12.2758	23.7565	16.5834	19.7463	23.7052	16.3419	18.6965	30.2117	28.2424	32.655	20.9638	16.4305	
CHEBI:16634	C18H32O16	OC[C@H]1O[C@H](OC[C@H]2O[C@H](O[C@]3(CO)O[C@H](CO)[C@@H](O)[C@@H]3O)[C@H](O)[C@@H](O)[C@@H]2O)[C@H](O)[C@@H](O)[C@H]1O	InChI=1S/C18H32O16/c19-1-5-8(22)11(25)13(27)16(31-5)30-3-7-9(23)12(26)14(28)17(32-7)34-18(4-21)15(29)10(24)6(2-20)33-18/h5-17,19-29H,1-4H2/t5-,6-,7-,8+,9-,10-,11+,12+,13-,14-,15+,16+,17-,18+/m1/s1	Raffinose					3365	NCBITAXON:http://purl.bioontology.org/ontology/NCBITAXON/3702	Arabidopsis thaliana										13.0301	12.1432	16.3333	10.9526	8.9701	7.1413	13.9347	10.9456	12.7127	11.0536	8.3468	11.5596	5.4842	14.1184	10.3236	25.4738	12.6332	11.3854	14.4079	7.8692	5.7662	6.3822	15.2866	11.1574	6.7904	7.5272	7.6547	4.6517	3.8396	6.9296	4.4658	6.8633	8.547	9.7348	14.3332	4.9688	4.6797	14.4031	10.2001	8.7256	10.901	8.5068	9.3801	16.3126	10.9109	8.6693	8.6659	7.0767	12.9091	8.5576	
CHEBI:27693	C29H50O	[H][C@@]1(CC[C@@]2([H])[C@]3([H])CC=C4C[C@@H](O)CC[C@]4(C)[C@@]3([H])CC[C@]12C)[C@H](C)CC[C@@H](CC)C(C)C	InChI=1S/C29H50O/c1-7-21(19(2)3)9-8-20(4)25-12-13-26-24-11-10-22-18-23(30)14-16-28(22,5)27(24)15-17-29(25,26)6/h10,19-21,23-27,30H,7-9,11-18H2,1-6H3/t20-,21-,23+,24+,25-,26+,27+,28+,29-/m1/s1	beta-Sitosterol					3376	NCBITAXON:http://purl.bioontology.org/ontology/NCBITAXON/3702	Arabidopsis thaliana										132.295175	121.5117	78.6273	93.4104	71.0001	98.4102	74.9437	110.1478	106.6979	74.9221	73.8424	135.8224	97.8043	127.79871	106.586	106.16798	90.0634	98.0036	79.4465	137.58532	99.0885	76.9448	100.17664	79.7322	149.5914	78.5907	76.0811	94.9674	74.9486	86.1168	100.75295	112.12675	77.4152	93.8289	76.8113	133.2335	71.0919	90.3043	66.04986	101.34338	75.3574	80.469	100.32884	75.9481	83.7172	127.503931	113.3432	137.23629	89.3268	74.1173	
